itemNo,name,price,salePrice,brand
10161817,Nước giặt Downy  vườn hoa thơm ngát túi 3.05kg,502000.0,251000.0,DOWNY
10170722,"Nước giặt cửa trên WinMart home hương nước hoa túi 1,8kg",210000.0,105000.0,WMHOME
10019677,Nước lau sàn hương lily Gift  chai 1L,99000.0,66000.0,GIFT
10640562,Nước rửa chén Sunlight thiên nhiên túi 2.1kg,224700.0,149800.0,SUNLIGHT
10162251,Nước giặt đậm đặc Lix  túi 3.5kg,163000.0,109000.0,LIX
10162252,Nước giặt hương nước hoa  Lix túi 3.5Kg,163000.0,109000.0,LIX
10170634,Nước giặt Comfort dưỡng vải thời thượng túi 3.6L,184000.0,138000.0,COMFORT
10170637,"Nước giặt Comfort dưỡng vải thanh lịch  túi 3,6kg",184000.0,138000.0,COMFORT
10170829,Nước xả kháng khuẩn dịu nhẹ Downy  túi 3L,241000.0,183000.0,DOWNY
10160955,Nước giặt xả MaxKleen hương vườn sớm mai 2.4kg,142000.0,108000.0,MAXKLEEN
10170554,Nước giặt xả thiên nhiên  MaxKleen  túi 2.2kg,142000.0,108000.0,MAXKLEEN
10617318,Nước giặt xả MaxKleen Ultra kép hương hoa nắng túi 2.4kg,142000.0,108000.0,MAXKLEEN
10617319,Nước giặt xả MaxKleen Ultra kép hương nước hoa huyền diệu túi 2.4kg,142000.0,108000.0,MAXKLEEN
10019696,"Nước rửa chén Gift hương chanh can 3,8kg",99000.0,77000.0,GIFT
10170503,Nước giặt  Ariel downy đam mê túi 3.9kg,257000.0,201000.0,ARIEL
10171091,Nước giặt Ariel cửa trước downy oải hương túi 3.7kg,257000.0,201000.0,ARIEL
10404164,Bột giặt WinMart Home hương hoa hồng dạng túi 4.5kg,152000.0,119000.0,VMHOME
10019504,Nước giặt cổ áo Mao Bao chai 600ml,47000.0,37500.0,MAO BAO
10170743, Nước xả huyền bí túi  Downy túi 4L ,299000.0,243000.0,DOWNY
10170744,Nước xả Downy đam mê túi 4L,299000.0,254000.0,DOWNY
10614741,Nước giặt Ariel sạch nhanh túi 3.6kg,225000.0,191500.0,ARIEL
10019933,Nước lau sàn NET Extra 4kg,93000.0,81000.0,NET
10019934, Nước lau sàn hương bạc hà NET  4kg,93000.0,81000.0,NET
10161896,"Nước lau sàn Sunlight hương hoa diên vỹ túi 3,6kg",74000.0,64500.0,SUNLIGHT
10161897,"Nước lau sàn Sunlight hương hoa lily túi 3,6kg",74000.0,64500.0,SUNLIGHT
10160130,Viên tẩy bồn cầu hương chanh Vim 55g,28000.0,24500.0,VIM
10161174,"Nước giặt Omo Comfort tinh dầu thơm túi 2,8kg",175000.0,153500.0,OMO
10161177,"Nước giặt Omo bền đẹp cửa trước túi 2,9kg",175000.0,153500.0,OMO
10170670,"
Nước rửa chén bát Sunlight Matcha trà Nhật can 3.6kg",124000.0,109000.0,SUNLIGHT
10170671,Nước rửa chén Sunlight hương bưởi tây và hoa anh đào mềm dịu da tay can 3.6kg,124000.0,109000.0,SUNLIGHT
10161833,Nước xả vải  Comfort chăm sóc chuyên sâu 1 lần xả hương ban mai túi 3.8L ,255000.0,231500.0,COMFORT
10161841," Nước xả Comfort chăm sóc chuyên sâu nước hoa thiên nhiên bella 3,8L",255000.0,231500.0,COMFORT
10171133,"Nước xả vải Comfort hương nước hoa Jennie túi 3,8L",255000.0,231500.0,COMFORT
10617627,Nước xả vải Comfort đậm đặc cho da nhạy cảm túi 3.2L,229000.0,215000.0,COMFORT
10619446,Nước giặt Omo Matic cho máy giặt cửa trên túi 3.9kg,220000.0,220000.0,OMO
10170672,Nước rửa chén Sunlight Extra thiên nhiên muối khoáng và lô hội can 3.6 lít,124000.0,124000.0,SUNLIGHT
10161179,"Nước giặt Omo bền đẹp cửa trước túi 3,6kg",220000.0,220000.0,OMO
10628199,"Nước giặt Omo  Comfort tinh dầu thơm cửa trên túi 3,6kg",220000.0,220000.0,OMO
10171075,Nước giặt Ariel Downy hương oải túi 3.9kg,270000.0,270000.0,ARIEL
10171067,Nước giặt xả cao cấp Chante chai 3.4kg,199000.0,199000.0,CHANTE
10160981,Nước Xả Vải Downy Mềm Mại Tinh Khiết túi 3.5 Lít,275000.0,275000.0,DOWNY
10161769,Tẩy quần áo Ex wide haiter chai 600ml,89900.0,89900.0,EX
10171070,"Nước rửa chén cao cấp Good Care thiên nhiên can 3,6kg",129900.0,129900.0,GOOD CARE
10630179,Nước lau sàn Mao Bao gỗ đàn hương chai 1.2L ,58000.0,58000.0,MAO BAO
10019339,"Bột giặt  LIX extra gói  5,5kg/ 6kg",175000.0,175000.0,LIX
10019345,"Nước xả vải Downy hương nắng mai dạng túi 1,6L",125000.0,125000.0,DOWNY
10019390,"Nước xả Downy đam mê chai 1,8L",160000.0,160000.0,DOWNY
10019395,Bột tẩy lồng máy giặt Hando hộp 2 gói x 100g,43000.0,43000.0,HANDO
10019399,Nước xả vải Downy đam mê dạng túi 1.35L,125000.0,125000.0,DOWNY
10019408,"Nước xả vải đậm đặc Downy huyền bí dạng túi 1,35L",125000.0,125000.0,DOWNY
10019414,Nước giặt quần áo em bé D-nee Honey Star can 3L,225000.0,225000.0,D-NEE
10019415,Nước giặt quần áo em bé D-nee Lovely Sky​ can 3L,225000.0,225000.0,D-NEE
10019416,Nước giặt quần áo em bé D-nee Yellow Moon can 3L,225000.0,225000.0,D-NEE
10019418,Nước giặt quần áo em bé D-nee trắng Lively can 3L,225000.0,225000.0,D-NEE
10019421,Nước xả mềm quần áo D-nee Happy Baby can 3L,219000.0,219000.0,D-NEE
10019434,"Nước giặt quần áo đậm đặc Essence dạng chai 1,9 L",179000.0,179000.0,ESSENCE
10019475,Nước giặt xả cho bé Carefor Plus hương hoa hồng chai 3.5 lít,225000.0,225000.0,CAREFOR
10019476,Nước giặt xả đậm đặc tím Carefor can 3.5L,225000.0,225000.0,CAREFOR
10019499,"Nước giặt LIX đậm đặc 3.6kg/3,8kg",193000.0,193000.0,LIX
10019506,Nước tẩy quần áo trắng Lix Javel 550g,13000.0,13000.0,LIX
10019510,Bột giặt nhiệt Aba dùng cho giặt máy gói 3kg,132000.0,132000.0,ABA
10019545,"Bột giặt Tide hương downy 2,5kg",122000.0,122000.0,TIDE
10019558,Bột giặt Ariel hương nắng mai 720g,42000.0,42000.0,ARIEL
10019562,Bột giặt ARIEL đam mê túi 650g,42000.0,42000.0,ARIEL
10019565,"Bột giặt Ariel hương Downy đam mê túi 3,8kg ",209000.0,209000.0,ARIEL
10019638,Nước rửa chén LIX hương chanh 3.6Kg/4kg ,105000.0,105000.0,LIX
10019674,Tẩy nhà tắm bạc hà Gift chai 900ml,31000.0,31000.0,GIFT
10019675,Tẩy nhà tắm siêu sạch Gift chai 900ml,33000.0,33000.0,GIFT
10019681,"Nước lau sàn Gift hương ylang 3,8kg",93000.0,93000.0,GIFT
10019682,"Nước lau sàn Gift hương Lily can 3,8kg",93000.0,93000.0,GIFT
10019683,"Nước lau sàn Gift hương bạc hà can 3,8kg",93000.0,93000.0,GIFT
10019684,"Nước lau sàn Gift hương orchid/sweet 3,8kg",93000.0,93000.0,GIFT
10019692,Nước lau bếp  Gift chai 520ml/540ml,30000.0,30000.0,GIFT
10019708,Tẩy bồn cầu Duck Mr Muslce pro chai 900ml,41000.0,41000.0,DUCK
10019710,"Nước tẩy rửa nhà tắm siêu tẩy Duck Mr. Muscle 1,8L",74800.0,74800.0,DUCK
10019745,Tẩy bồn cầu Duck Mr Muslce pro chai 700ml,32500.0,32500.0,DUCK
10019779,Viên tẩy và làm thơm toilet Hando 330g (6 viên),75000.0,75000.0,HANDO
10019797,Xi nước khô nhanh màu đen Kiwi 75ml,63000.0,63000.0,KIWI
10019827,Nước lau bếp Mr Muscle chai 500ml,35200.0,35200.0,DUCK
10019873,Nước tẩy vết ố bàn Mrs Mckenic chai 500ml,293000.0,293000.0,MRS MCKENIC
10019875, Xịt lau bếp Mrs Mckenic chai 500ml,168000.0,168000.0,MRS MCKENIC
10019906,"Nước rửa chén Suzy hương bạc hà chai 2,1kg",72000.0,72000.0,SUZY
10019918,Nước rửa chén Suzy hương bạc hà 4kg,126000.0,126000.0,SUZY
10019997,Bột tẩy lồng máy giặt Sandokkaebi gói  450g ,45000.0,45000.0,SANDOKKAEBI
10020071,Bộ xông đuổi muỗi Jumbo 120g,52500.0,52500.0,JUMBO
10020073,Xịt côn trùng Raid hương oải hương chai 300ml,41500.0,41500.0,RAID
10020074,Bình xịt côn trùng Raid hương cam chanh 600ml,71500.0,71500.0,RAID
10020075,Xịt côn trùng Raid hương oải hương chai 600ml,71500.0,71500.0,RAID
10020076,Bình xịt muỗi Raid hương cam chanh 600ml,62600.0,62600.0,RAID
10020077,Xịt muỗi Raid hương oải hương 600ml,62600.0,62600.0,RAID
10020078,Bình xịt côn trùng Raid không mùi 600ml,71000.0,71000.0,RAID
10020080,Xịt côn trùng Raid hương khuynh diệp 600ml,71500.0,71500.0,RAID
10020110,Bình xịt côn trùng Jumbo Vape hương cam chanh dạng chai 600ml,69000.0,69000.0,JUMBO
10020111,Xịt côn trùng Jumpo Vape hương lài chai 600ml,69000.0,69000.0,JUMBO
10020112,Bình xịt côn trùng Jumbo Vape hương lavender dạng chai 600ml,69000.0,69000.0,JUMBO
10057106,Bột giặt nhiệt Aba nước hoa túi túi 720g,40000.0,40000.0,ABA
10057108,Bột giặt nhiệt Aba gói 800g,42000.0,42000.0,ABA
10057245,Nước rửa chén đậm đặc Net chiết xuất chanh tươi can 4kg,99000.0,99000.0,NET
10071645,Vỉ 2 viên Gift tẩy bồn cầu 55g,29000.0,29000.0,GIFT
10071646,Tẩy toilet Gift siêu sạch 1L,34000.0,34000.0,GIFT
10160008,Nước xả vải Downy hương huyền bí túi 3L,241000.0,241000.0,DOWNY
10160009,Nước xả vải Downy hương đam mê túi 3 lít,241000.0,241000.0,DOWNY
10160954,Bình xịt Goodcare lau bếp 500ml,143000.0,143000.0,GOOD CARE
10160959,"Nước giặt Surf cỏ hoa diệu kỳ túi 3,3L",136000.0,136000.0,SURF
10160961,"Nước giặt Surf sương mai dịu mát túi 3,3kg",136000.0,136000.0,SURF
10160963,"Nước giặt hương nước hoa Surf túi 3,1kg",146000.0,146000.0,SURF
10160967,"Bột giặt Surf hương nước hoa duyên dáng túi 5,3kg",197000.0,197000.0,SURF
10160979,"Nước xả vải Downy hương huyền bí túi 3,5L",275000.0,275000.0,DOWNY
10160980,Nước xả vải Downy hương nắng mai túi 3.5 lít,259000.0,259000.0,DOWNY
10161038,"Nước giặt NET hương hoa thiên nhiên 3,6 kg",175000.0,175000.0,NET
10161039," Nước giặt đậm đặc NET can  3,6 kg",179000.0,179000.0,NET
10161175,Nước giặt Omo comfort tinh dầu thơm túi 2kg,140000.0,140000.0,OMO
10161178,Nước giặt Omo bền đẹp cửa trước túi 2kg,140000.0,140000.0,OMO
10161182,Nước giặt máy cửa trên Omo túi2.2kg,140000.0,140000.0,OMO
10161183,"Nước giặt Omo cho máy giặt cửa trên túi 3,1kg",181000.0,181000.0,OMO
10161347,Nước Xả Vải Downy Làn Gió Mát Túi 2.4L,189000.0,189000.0,DOWNY
10161445,Nước rửa chén Sunlight mềm dịu chai 750g,35000.0,35000.0,SUNLIGHT
10161459,Nước giặt xả 2in1 hương mộc lan THALE  chai 3.5L,185000.0,185000.0,THALE
10161635,Túi Nước Giặt Xả Maxkleen Hương Hoa Nắng 3.8kg,200000.0,200000.0,MAXKLEEN
10161636,Túi Nước Giặt Xả Maxkleen Hương hoa huyền diệu 3.8kg,200000.0,200000.0,MAXKLEEN
10161637,Nước Giặt Xả Maxkleen Hương Sớm Mai Túi 3.8kg,200000.0,200000.0,MAXKLEEN
10161742,Bột giặt 2in1 Joins gói 800g,38500.0,38500.0,JOINS
10161743, Bột giặt Joins 2 trong 1 gói 3kg,132000.0,132000.0,JOINS
10161766,Nước lau bếp hương chanh Magiclean chai 500ml,84000.0,84000.0,MAGICLEAN
10161777,"Nước giặt Omo bền đẹp cửa trước túi 2,8kg",181000.0,181000.0,OMO
10161778,"Nước giặt máy chuyên dụng cửa trước Omo túi 3,6kg",227000.0,227000.0,OMO
10161811," Nước xả Downy đóa hoa tươi mát túi 2,3L",189000.0,189000.0,DOWNY
10161812,"Nước xả đóa hoa ngọt ngào Downy 2,2L",189000.0,189000.0,DOWNY
10161815,Nước giặt khử mùi ẩm mốc Downy túi 2kg,174500.0,174500.0,DOWNY
10161816,Nước giặt Downy biển xanh tươi mát 3.05kg,251000.0,251000.0,DOWNY
10161818,"Nước giặt Downy khử mùi ẩm mốc túi 3,05kg",251000.0,251000.0,DOWNY
10161819,"Nước xả đam mê túi  Downy túi 3,5L",275000.0,275000.0,DOWNY
10161820,"Nước giặt Net matic hương hoa thiên nhiên túi 2,4kg",108000.0,108000.0,NET
10161831,Nước xả Comfort Chăm sóc chuyên sâu 1 lần xả hương ban mai 1.8L,142000.0,142000.0,COMFORT
10161832,"Nước xả Comfort chăm sóc chuyên sâu hương ban mai túi 2,8L",209000.0,209000.0,COMFORT
10161836,Nước xả Comfort chăm sóc chuyên sâu khử mùi vượt trội 1.8L,142000.0,142000.0,COMFORT
10161837,Nước xả Comfort chăm sóc chuyên sâu khử mùi vượt trội 2.8L,209000.0,209000.0,COMFORT
10161838,"Nước xả Comfort chăm sóc chuyên sâu khử mùi vượt trội túi 3,8L",255000.0,255000.0,COMFORT
10161839,"Nước xả Comfort chăm sóc chuyên nước hoa thiên nhiên bella 1,8L",142000.0,142000.0,COMFORT
10161840,"Nước xả Comfort chăm sóc chuyên sâu nước hoa thiên nhiên bella túi 2,8L",209000.0,209000.0,COMFORT
10161842,"Nước xả Comfort chăm sóc chuyên sâu nước hoa thiên nhiên sofia túi 1,8L",142000.0,142000.0,COMFORT
10161843,"Nước xả Comfort chăm sóc chuyên sâu nước hoa thiên thiên Sofia gói 2,8L",209000.0,209000.0,COMFORT
10161844,"Nước xả Comfort chăm sóc chuyên sâu nước hoa thiên nhiên sofia túi 3,8L",255000.0,255000.0,COMFORT
10161845,Nước xả Comfort chăm sóc chuyên sâu khử mùi vượt trội 3.2L,238000.0,238000.0,COMFORT
10161846," Bột giặt Joins 2 trong 1 túi 4,5kg",188000.0,188000.0,JOINS
10161901,Viên vệ sinh lồng máy giặt Omo 4 viên 20g,92000.0,92000.0,OMO
10162139,"Nước giặt Attack khử mùi sport đột phá 1,2L",89000.0,89000.0,ATTACK
10162154,"Nước giặt Net matic đậm đặc túi 2,4kg",108000.0,108000.0,NET
10162167,Nước rửa chén ON1 tinh dầu gừng sả 1kg,49000.0,49000.0,ON1
10162168,Nước rửa chén ON1 tinh dầu gừng cam 1kg,43900.0,43900.0,ON1
10162261," Nước giặt cửa trước đam mê Ariel gói 3,05kg",236500.0,236500.0,ARIEL
10162262," Nước giặt cửa trước tươi mát  Ariel túi 3,2kg",236500.0,236500.0,ARIEL
10162264,Nước xả Downy đóa hoa ngọt ngào 3 lít,241000.0,241000.0,DOWNY
10162265,Nước rửa chén Golden King 4L,106000.0,106000.0,GOLDEN KING
10162266,Tẩy toilet Mr.Fresh hương quế 1L,31000.0,31000.0,MR FRESH
10162292,Bình xịt côn trùng ARS Jet Gold 600ml,65000.0,65000.0,ARS
10162293,"Bình xịt ruồi, muỗi Á Jet Blue chai 600ml",65000.0,65000.0,ARS
10162294,Bộ xông đuổi muỗi nomat Ars P60 45ml,54000.0,54000.0,ARS
10162295,Dung dịch xông đuổi muỗi ARS nomat P60 45ml,29000.0,29000.0,ARS
10162300,"Nước giặt Suzy Nano bạc hương lavender chai 2,4kg",185000.0,185000.0,SUZY
10162301,Nước giặt xả Golden King hương ngàn hoa can 3.6L,179000.0,179000.0,GOLDEN KING
10162302,Nước giặt xả Golden King 3.6L hương ban mai can 3.6L,179000.0,179000.0,GOLDEN KING
10162304,Xịt bọt Hando làm sạch giày chai 300ml,86000.0,86000.0,HANDO
10162314,Nước xả làn gió mát Downy gói 3.5L,254000.0,254000.0,DOWNY
10162350,Nước rửa chén Homey hương quất Nagami 750g,28000.0,28000.0,HOMEY
10162351,Nước rửa chén Homey hương cam Satsuma 750g,23000.0,23000.0,HOMEY
10162421,Nước rửa chén Homey hương quất Nagami 2kg,62000.0,62000.0,HOMEY
10162422,Nước rửa chén Homey hương cam Satsuma 2kg,48800.0,48800.0,HOMEY
10162425,Viên rửa bát Astonish all in 1 C2170,390000.0,390000.0,ASTONISH
10162433, Chất tẩy rửa cốc chén Mao Bao hộp 15g,49000.0,49000.0,MAO BAO
10170504,Nước giặt Ariel sạch nhanh túi 4.1kg,270000.0,270000.0,ARIEL
10170505,Nước xả Downy đóa hoa ngọt ngào túi 3.5L,275000.0,275000.0,DOWNY
10170506,Nước xả đóa hoa thơm mát Downy  túi 3.5L,275000.0,275000.0,DOWNY
10170507,Nước xả hương ỏai hương Downy  túi 2.2L,189000.0,189000.0,DOWNY
10170508,Nước xả Downy hương oải hương túi 3L,241000.0,241000.0,DOWNY
10170509,Nước giặt Ariel Hương oải hương túi 2kg/1.8kg,145500.0,145500.0,ARIEL
10170510,Nước giặt Ariel  hương hoa oải hương túi 3.2kg,236500.0,236500.0,ARIEL
10170519,Nước giặt xả Joins 2 trong 1 hương Flower Serum 2.7kg,154500.0,154500.0,JOINS
10170555,Nước giặt xả Maxkleen thiên nhiên 3.6kg,200000.0,200000.0,MAXKLEEN
10170556,Nước lau sàn MaxKleen ngàn hoa ngọt ngào chai 1kg,33000.0,33000.0,MAXKLEEN
10170558,Nước lau bề mặt đa năng MaxKleen chai  520ml,31000.0,31000.0,MAXKLEEN
10170559,Nước lau nhà MaxKleen hương ban mai thanh mát chai 1.01 lít,33000.0,33000.0,MAXKLEEN
10170566,Nước giặt xả ON1túi 3.5kg,210000.0,210000.0,ON1
10170568,Nước giặt xả đậm đặc Carefor hương nước hoa huyền bí,245000.0,245000.0,CAREFOR
10170569,Nước giặt  Essence Fresh& Soft đỏ chai 3L,169000.0,169000.0,ESSENCE
10170621,Nước rửa chén bát POWER100 hương trà xanh can 3.8kg,99000.0,99000.0,POWER100
10170622,Nước lau sàn Power100 hương chanh chai 990g,26000.0,26000.0,POWER100
10170623,Nước lau nhà POWER100 hương chanh sả can 3.84 lít,87000.0,87000.0,POWER100
10170624,Nước lau sàn  Power100 hương hoa thiên nhiên 3.8kg,87000.0,87000.0,POWER100
10170635,Nước giặt dưỡng vải thời thượng Comfort gói 2.2kg,126000.0,126000.0,COMFORT
10170636,"Nước Giặt dưỡng vải thanh lịch Comfort gói 2,2kg",126000.0,126000.0,COMFORT
10170638,"Nước xả Comfort đậm đặc chống nhăn hương dịu dàng 2,7L",219000.0,219000.0,COMFORT
10170640,Nước xả vải Comfort chống nhăn hương sức sống túi 2.7L,219000.0,219000.0,COMFORT
10170642,"Nước giặt Omo Matic hương hoa hồng Ecuador gói 3,6kg",227000.0,227000.0,OMO
10170645,Nước xả vải Comfort phơi trong nhà hương nắng mới túi 3.2L,238000.0,238000.0,COMFORT
10170656,Nước Lau Đa Năng Lifebuoy chai 500ml,33000.0,33000.0,LIFEBUOY
10170657,Nước lau sàn Lifebuoy Botani chai 1kg,37000.0,37000.0,LIFEBUOY
10170659,Nước lau sàn Sunlight tinh dầu thảo mộc hương hoa bạc hà can 3.6kg,93000.0,93000.0,SUNLIGHT
10170660,Nước lau sàn Sunlight tinh dầu thảo mộc hương hoa bạc hà re0121 1kg,33000.0,33000.0,SUNLIGHT
10170661,Nước lau sàn Sunlight tinh dầu thiên nhiên hương hoa Lily chai 1kg,33000.0,33000.0,SUNLIGHT
10170662,Nước lau sàn Sunlight hương hoa lily can 3.6kg,93000.0,93000.0,SUNLIGHT
10170663,Nước lau sàn Sunlight tinh dầu sả chanh chai 1kg,35000.0,35000.0,SUNLIGHT
10170664,Nước lau sàn Sunlight tinh dầu thảo mộc sả chanh túi 3.4kg,74000.0,74000.0,SUNLIGHT
10170665,Nước lau sàn Sunlight hương sả chanh can 3.6kg,93000.0,93000.0,SUNLIGHT
10170666,Nước lau sàn Sunlight hương hoa thiên nhiên chai 1kg,35000.0,35000.0,SUNLIGHT
10170667,Nước lau sàn Sunlight thiên nhiên re0121 can 3.6kg,93000.0,93000.0,SUNLIGHT
10170668,Nước rửa chén Sunlight chanh và lá bạc hà 3.6kg,124000.0,124000.0,SUNLIGHT
10170669,Nước rửa chén Sunlight chanh 100 can 3.6kg,104900.0,104900.0,SUNLIGHT
10170673,Nước rửa chén Surf chanh sả can 3.8kg,84000.0,84000.0,SURF
10170674,Nước rửa chén Surf hương tắc can 3.8kg,84000.0,84000.0,SURF
10170675,Tẩy rửa bồn cầu VIM than hoạt tính chai 880ml,39000.0,39000.0,VIM
10170676,Toilet xanh biển VIM chai 880ml,38000.0,38000.0,VIM
10170677,VIM trắng sáng hương chanh sả 870ml,39000.0,39000.0,VIM
10170717,Bột giặt xả hương WinMart hơm hương nước hoa túi 800g,35000.0,35000.0,WMHOME
10170718,Bột giặt xả Winmart Home hương nước hoa túi 3kg,132000.0,132000.0,WMHOME
10170719,Bột giặt xả Winmart home hương nước hoa túi 6kg,249000.0,249000.0,WMHOME
10170720,Nước giặt cửa trên WinMart Home giữ màu túi 1.8kg,95000.0,95000.0,WMHOME
10170721,Nước giặt cửa trên WinMart Home giữ màu túi 3.5kg,179000.0,179000.0,WMHOME
10170723,Nước giặt cửa trên WinMart Home hương nước hoa túi 3.5kg,193000.0,193000.0,WMHOME
10170724,Nước giặt cửa trước Winmart Home tinh dầu thơm túi 2.9kg,149000.0,149000.0,WMHOME
10170725,Nước giặt cửa trước Winmart Home tinh dầu thơm túi 4.1kg,221000.0,221000.0,WMHOME
10170726,Nước tẩy trắng quần áo WinMart Home 1L,23000.0,23000.0,WMHOME
10170727,Nước tẩy quần áo màu WinMart Home  800ml,45000.0,45000.0,WMHOME
10170728,Nước lau sàn Winmart home hương bạc hà túi 1L,29000.0,29000.0,WMHOME
10170729,Nước lau sàn hương bạc hà  WinMart Home túi 3.5L,89000.0,89000.0,WMHOME
10170730,Nước lau sàn WinMart Home  hương chanh sả cam túi 1L,29000.0,29000.0,WMHOME
10170731,Nước lau sàn WinMart Home hương chanh sả cam túi 3.5L,89000.0,89000.0,WMHOME
10170732,Nước lau sàn Winmart Home hương lily túi 1Lx2,57500.0,57500.0,WMHOME
10170733,Nước rửa chén chanh WinMart Home túi 750g,19000.0,19000.0,WMHOME
10170734, Nước rửa chén chanh can WinMart Home 3.5L,115000.0,115000.0,WMHOME
10170735,Nước rửa chén sả cam chai có vòi  WinMart Home chai 1L,35000.0,35000.0,WMHOME
10170736,Nước rửa chén  WinMart Home hương cam sả túi 3.5L,115000.0,115000.0,WMHOME
10170738,Nước tẩy toilet Winmart Home chai 900ml,29000.0,29000.0,WMHOME
10170739,Vỉ 6 viên tẩy bồn cầu xanh Winmart Home 50g,59000.0,59000.0,WMHOME
10170745,Nước xả hương nắng mai Downy  4L,295000.0,295000.0,DOWNY
10170826,Xịt vải nắng mai chai Downy 370ml,99000.0,99000.0,DOWNY
10170827,Xịt vải huyền bí Downy chai 370ml,99000.0,99000.0,DOWNY
10170828,Xịt vải đam mê chai Downy  370ml,99000.0,99000.0,DOWNY
10171073,"Nước xả Downy yêu thương tinh khiết túi 2,2L",189000.0,189000.0,DOWNY
10171074,Nước xả Downy yêu thương tinh khiết túi 3L,241000.0,241000.0,DOWNY
10171081,Bình xịt côn trùng Ars Pro.X mạnh 500ml,69900.0,69900.0,ARS
10171082,Bình xịt diệt kiến ARS JET ANT chai 500ml,61000.0,61000.0,ARS
10171088,Nước giặt Ariel cửa trước hương sen nhài túi 3.7kg,270000.0,270000.0,ARIEL
10171089,"Nước giặt Ariel  cửa trước Dowy nắng sớm túi 3,9kg",270000.0,270000.0,ARIEL
10171090,"Nước giặt Ariel cửa trước Downy oải hương 3,05kg",236500.0,236500.0,ARIEL
10171132,"Nước xả vải Comfort hương nước hoa Jennie túi 2,8L",209000.0,209000.0,COMFORT
10171167,Nước giặt xả  Sopa hoa đinh hương can 3.4kg,185000.0,185000.0,SOPA
10195152,Nước giặt xả Joins 2 trong 1 hương Flower Serum 2.2kg,115000.0,115000.0,JOINS
10224782,Chai tẩy toilet'Life hương ngàn hoa 400g,54500.0,54500.0,K'LIFE
10301042,Nước giặt xả đậm đặc Sanzoft 6in1 hương hoa Violet chai 3.5L,195000.0,195000.0,SANZOFT
10301043,Nước giặt xả đậm đặc Sanzoft 6in1 hương hoa hồng 3.5L,195000.0,195000.0,SANZOFT
10301048,Nước rửa chén đĩa diệt khuẩn Pinto hương kiwi dạng can 3.8L,129000.0,129000.0,PINTO
10314241,Nước rửa chén Suzy Super vòi nhấn 560g,28000.0,28000.0,SUZY
10314246,"Nước giặt Suzy hương anh đào new 2,4kg",152000.0,152000.0,SUZY
10314249,"Nước lau sàn thanh trúc Suzy 2,3L",62000.0,62000.0,SUZY
10319419,Tẩy toilet cực mạnh trắng  Daiwa chai 950ml,45000.0,45000.0,DAIWA
10319420,Nước rửa chén bát đậm đặc Daiwa không mùi chai 800ml,35000.0,35000.0,DAIWA
10319422,"Nước rửa chén Daiwa không mùi 3,8L",135000.0,135000.0,DAIWA
10321133,"Nước giặt đậm đặc Ariel túi 2,4kg",145500.0,145500.0,ARIEL
10321780,"Nước lau sàn Suzybiển xanh can 2,3L",64400.0,64400.0,SUZY
10324919,"Nước giặt  Surf cỏ hoa diệu kỳ can 3,6kg",145000.0,145000.0,SURF
10326623,Bình xịt muỗi Jumbo Vape FA không mùi 600ml,69000.0,69000.0,JUMBO
10404977,"Nước xả vải Comfort đậm đặc cho da nhạy cảm chai 1,8L",138000.0,138000.0,COMFORT
10404980,Nước xả vải Comfort cho da nhạy cảm túi 2.8L,219000.0,219000.0,COMFORT
10404981,"Nước xả Comfort đậm đặc cho da nhạy cảm 1,6L/1,8L",149000.0,149000.0,COMFORT
10404982,"Nước xả vải Comfort đậm đặc cho da nhạy cảm can 3,8L",285000.0,285000.0,COMFORT
10405914,Nước xả vải Good Care  hương ngàn hoa 3L,152000.0,152000.0,GOOD CARE
10405915,Nước giặt hương lavender Good Care can 3L,227600.0,227600.0,GOOD CARE
10405916,Nước giặt hương hoa hồng Good Care can 3L,227600.0,227600.0,GOOD CARE
10405917,Nước giặt Good Care hương ngàn hoa can 3L,227600.0,227600.0,GOOD CARE
10406728,Bột giặt thông minh Omo gói 800g/770g,41500.0,41500.0,OMO
10406729,Bột giặt OMO hệ bọt thông minh túi 3kg,145000.0,145000.0,OMO
10406730,Bột giặt Omo hệ bọt thông minh túi 4.5kg,201000.0,201000.0,OMO
10406731,Bột giặt thông minh Omo gói 6kg,268000.0,268000.0,OMO
10600006,"Nước xả vải Downy hương nắng mai túi 2,3L",189000.0,189000.0,DOWNY
10600007,Nước xả vải Downy hương đam mê túi 2L,189000.0,189000.0,DOWNY
10600008,Nước xả vải Downy hương huyền bí túi 2L,189000.0,189000.0,DOWNY
10602700,"Nước xả Downy em bé dịu nhẹ túi 2,6L",189000.0,189000.0,DOWNY
10602715,Nước rửa chén  Good Care cao cấp tinh dầu chanh chai 750ml,59000.0,59000.0,GOOD CARE
10604510,Nước giặt khử mùi Attack hương hoa anh đào chai 2.4kg,188000.0,188000.0,ATTACK
10604511,"Nước giặt khử mùi hương hoa anh đào Attack túi 1,4kg",88000.0,88000.0,ATTACK
10604512,Nước giặt khử mùi hương oải hương Attack chai 2.4kg,188000.0,188000.0,ATTACK
10604513,"Nước giặt khử mùi hương hoa oải hương Attack túi 1,4kg",88000.0,88000.0,ATTACK
10613380,Viên treo bồn cầu Vim hương lavender 55g,28000.0,28000.0,VIM
10614735,Nước giặt Ariel hương Downy túi 1.8kg,145500.0,145500.0,ARIEL
10614737,Nước giặt Ariel khử mùi ẩm mốc túi 1.8kg,145500.0,145500.0,ARIEL
10614740,Nước giặt Ariel khử mùi ẩm mốc túi 3.2kg,236500.0,236500.0,ARIEL
10614742,Nước giặt Ariel hương Downy túi 3.25kg,236500.0,236500.0,ARIEL
10617635,"Bột giặt Omo ngất ngây hồng 2,7kg",145000.0,145000.0,OMO
10617637,"Bột giặt Omo comfort  ngất ngây hồng 5,5kg",268000.0,268000.0,OMO
10617638,"Bột giặt Omo Comfort tinh dầu thơm nồng nàn vàng túi 2,7kg",145000.0,145000.0,OMO
10617640,"Bột giặt OMO comfort nồng nàn vàng 5,5kg ",268000.0,268000.0,OMO
10620803,Nước giặt dịu nhẹ Ariel túi 1.8kg,145500.0,145500.0,ARIEL
10620827,Nước xả đậm đặc làm mềm vải một lần xả Comfort hương ban mai túi 3.2L,219000.0,219000.0,COMFORT
10620831,"Nước giặt  Surf hương sương mai dịu mát can 3,6kg",145000.0,145000.0,SURF
10622313,Nước rửa chén Sunlight trà xanh chai 750g,35000.0,35000.0,SUNLIGHT
10622314,Nước rửa chén Sunlight trà xanh túi 750g,30500.0,30500.0,SUNLIGHT
10622318,Nước rửa chén bát Sunlight thiên nhiên muối khoáng và lô hội chai 750g,35000.0,35000.0,SUNLIGHT
10624396,"Nước giặt Attack khử mùi Extra Matic chai 2,3kg",189000.0,189000.0,ATTACK
10624409,Nước giặt Ariel dịu nhẹ hương sả túi 3.25kg,236500.0,236500.0,ARIEL
10624435,Nước xả Comfort nước hoa thiên nhiên sofia túi 3.2L,219000.0,219000.0,COMFORT
10624436,"Nước xả làm mềm vải đậm đặc Comfort Bella túi 3,2L",238000.0,238000.0,COMFORT
10626195,Nước rửa chén Suzy tinh chất muối biển can 2.1kg,74000.0,74000.0,SUZY
10626196,Nước lau sàn SUZY hương nhài Nhật 4L,118000.0,118000.0,SUZY
10626464,Bột giặt Omo tinh dầu thơm nồng nàn túi 4kg,201000.0,201000.0,OMO
10626465,Bột giặt Omo tinh dầu thơm ngất ngây hồng  túi 4kg,201000.0,201000.0,OMO
10628289,Bột giặt Lix đậm đặc hương nước hoa 5.5kg,229000.0,229000.0,LIX
10631918,Làm sạch lồng máy giặt Mao Bao 300g Ion bạc,45000.0,45000.0,MAO BAO
10631924,Nước Rửa Chén Power 100 loại 3.8kg ,84000.0,84000.0,POWER100
10638821,Nước rửa chén  Sunlight chanh chai 400g,15500.0,15500.0,SUNLIGHT
10638822,Nước rửa chén chanh Sunlight chai 750g,27500.0,27500.0,SUNLIGHT
10638825,Nước rửa chén chanh Sunlight túi 750g,25000.0,25000.0,SUNLIGHT
10638827,"Nước rửa chén Sunlight chanh túi 2,6 kg",65000.0,65000.0,SUNLIGHT
10640546,Bột tẩy lồng máy giặt Goodcare,55000.0,55000.0,GOOD CARE
10640554,Nước giặt Downy vườn hoa thơm ngát túi 2.15kg,174500.0,174500.0,DOWNY
10640556,Nước lau kính Hando tinh dầu quế 680ml,28000.0,28000.0,HANDO
10640557,Nước rửa chén Suzy muối biển 4kg,129000.0,129000.0,SUZY
10640563,"Nước rửa chén Sunlight khử mùi tanh chiết xuất trà xanh Matcha Nhật Bản túi 2,1kg",74900.0,74900.0,SUNLIGHT
10640564,Nước rửa chén Surf hương tắc sạch bóng can 1.5kg,35700.0,35700.0,SURF
10640565,"Viên tẩy bồn cầu Vim trà xanh, chanh 55g",28000.0,28000.0,VIM
