sku,productName,category,listedPrice,brand,__mediaUrl
10005424,Sữa tiệt trùng Cô gái Hà Lan có đường hộp 1L,sua-san-pham-tu-sua--c08,36000.0,DUTCH LADY,https://ss-hn.fptvds.vn/images/2022/co-duong.jpg
10005423,Sữa tiệt trùng Cô gái Hà Lan không đường hộp 1lít,sua-san-pham-tu-sua--c08,34900.0,DUTCH LADY,https://ss-hn.fptvds.vn/images/2022/sua-tuoi-tiet-trung-khong-duong-dutch-lady-hop-1-lit-202211250847253334.jpg
10196812,Lốc 3 hộp sữa tươi tiệt trùng Promess Vitamin 200ml,sua-san-pham-tu-sua--c08,41900.0,PROMESS,https://ss-hn.fptvds.vn/images/2022/loc-3-hop-sua-tuoi-tiet-trung-promess-vitamin-200ml.jpg
10170499,Sữa Yến mạch nguyên chất Nature hộp 1 lít,sua-san-pham-tu-sua--c08,79900.0,NATRUE,https://ss-hn.fptvds.vn/images/2022/162428164389710170499-hop-chao-phu-gom-chong-donh-de-tu-neoflam-ec-rv-f24i-24cm-og.jpg
10196814,Sữa tươi tiệt trùng Meiji không Lactose 946ml,sua-san-pham-tu-sua--c08,71900.0,MEIJI,
10170420,Sữa chua ăn Love Yogurt có đường hộp 100g,sua-san-pham-tu-sua--c08,7200.0,VINAMILK,https://ss-hn.fptvds.vn/images/2022/vinamilk-sca-love-yogurt-co-duong-100g_561b513f-1796-4941-9ed5-371b604b9f80-og.jpg
10170500,Sữa yến mạch canxi Nature hộp 1L,sua-san-pham-tu-sua--c08,86100.0,NATRUE,https://ss-hn.fptvds.vn/images/2022/sua-yen-mach-canxi-nature-hop-1l_47881dc7-6455-481f-8fd8-f797a9f8fb70-og.jpg
10196819,Sữa Nutimilk có đường 100% sữa Newzealand 180ml,sua-san-pham-tu-sua--c08,32500.0,NUTIFOOD,https://ss-hn.fptvds.vn/images/2023/02/sua-nutimilk-co-duong-100-sua-newzealand-180ml.jpeg
10638100,"Nước đậu đen, óc chó, hạnh nhân Sahmyook hộp 950ml",sua-san-pham-tu-sua--c08,88200.0,SAHMYOOK,https://ss-hn.fptvds.vn/images/2022/162427522966610638100-hop--nam-huong-100g-og.jpg
10405641,BRINGRAE Sữa tiệt trùng h.chuối 200ml*6,sua-san-pham-tu-sua--c08,113100.0,BINGGRAE,https://ss-hn.fptvds.vn/images/2022/sua-tiet-trung-binggrae-vi-chuoi-loc-6-hop-x-200ml_50ee68fa-f7a4-456a-9220-0e94e0ea31a7-og.jpg
10406971,Sữa chua uống Vinamilk Probi hương việt quất lốc 5 chai x 65ml,sua-san-pham-tu-sua--c08,26000.0,VINAMILK,https://ss-hn.fptvds.vn/images/2022/162427275696310406971-g5-thung-48-chai-sua-chua-uong-vinamilk-susu-huong-cam--80ml-og.jpg
10170497,VNM STTT rất ít.đ Green farm 100% 180ml,sua-san-pham-tu-sua--c08,37900.0,VINAMILK,https://ss-hn.fptvds.vn/images/2022/162427179461210170497-g4-loc-4-hop-sua-tuoi-tiet-trung-ot-duong-vinamilk-green-farm-180ml-og.jpg
10195215,Lốc 4 hộp sữa tươi tiệt trùng không đường Vinamilk Green Farm 180ml,sua-san-pham-tu-sua--c08,37900.0,VINAMILK,https://ss-hn.fptvds.vn/images/2022/8934673100588_d89cdaaf-1d46-4877-aaaa-86b4bd038e19-og.jpg
10005485,VINAMILK SCU Probi có đường chai 130ml*4,sua-san-pham-tu-sua--c08,37600.0,VINAMILK,https://ss-hn.fptvds.vn/images/2022/162427276047510005485-g4-sua-chua-uong-cu-duong-probi-vinamilk-700ml-og.jpg
10132400,BINGGRAE Sữa tiệt trùng h.dâu 200ml*6,sua-san-pham-tu-sua--c08,113100.0,BINGGRAE,https://ss-hn.fptvds.vn/images/2022/loc-6-hop-sua-tiet-trung-binggrae-huong-dau-200ml-20221014063117-og.jpg
10405642,BRINGRAE Sữa tiệt trùng h.dưa lưới 200ml,sua-san-pham-tu-sua--c08,113100.0,BINGGRAE,https://ss-hn.fptvds.vn/images/2022/162428538183010405642-g6-bia-budweiser-thung-24-lon-x-330ml-og.jpg
10315285,Sữa chua Vinamilk vị dâu 100g,sua-san-pham-tu-sua--c08,7900.0,VINAMILK,https://ss-hn.fptvds.vn/images/2022/4b1a7cf2-614e-4279-bb8b-1885f45b9a1e_20210827073831-og.jpg
10005841,Phô mai lát Hamburger Zott gói 200g,sua-san-pham-tu-sua--c08,57000.0,ZOTT,https://ss-hn.fptvds.vn/images/2022/162427166883410005841-g1-phu-mai-lot-hamburger-zott-gui-200g-og.jpg
10005842,Phô mai lát Sandwich Zott gói 200g,sua-san-pham-tu-sua--c08,57000.0,ZOTT,https://ss-hn.fptvds.vn/images/2022/162427166825810005842-g1-phu-mai-lot-sandwich-zott-gui-200g-og.jpg
10005843,Phô mai lát Toast Zott gói 200g,sua-san-pham-tu-sua--c08,57000.0,ZOTT,https://ss-hn.fptvds.vn/images/2022/162427166719810005843-g1-phu-mai-lot-toast-zott-gui-200g-og.jpg
10234390,NUTIFOOD Sữa chua ăn nha đam 100g,sua-san-pham-tu-sua--c08,7300.0,NUTIFOOD,https://ss-hn.fptvds.vn/images/2022/sua-chua-nuti-nha-dam-hop-100g_2ee5484b-ae45-484f-8929-c81501c8258f-og.jpg
10162225,Sữa Chua Ăn Nutimilk Trân Châu Đường Đen Hộp 100g,sua-san-pham-tu-sua--c08,9800.0,NUTIFOOD,https://ss-hn.fptvds.vn/images/2022/loc-4-hop-sua-chua-an-nutimilk-tran-chau-duong-den-100g-202105171616478112_2019234f-67ac-402a-9ad3-eb83faa0bc59-og.jpg
10232509,Sữa chua uống Vinamilk Probi light ít đường chai 130ml,sua-san-pham-tu-sua--c08,39300.0,VINAMILK,https://ss-hn.fptvds.vn/images/2022/162427179917810232509-g4-loc-4-hop-sua-chua-uong-men-song-ot-duong-probi-vinamilk-130ml-og.jpg
10195096,Lốc 4 hộp sữa chua uống dâu có thạch Nuvi,sua-san-pham-tu-sua--c08,33600.0,NUTIFOOD,https://ss-hn.fptvds.vn/images/2022/893c6589b6df250deb4f15b568d0b1f4.png_525x525q80_3f44cd1b-cfe9-431a-b775-b1d456f59d14-og.png
10195097,Lốc 4 hộp sữa chua uống cam có thạch NUVI 170ml,sua-san-pham-tu-sua--c08,33600.0,NUTIFOOD,https://ss-hn.fptvds.vn/images/2022/loc-4-hop-sua-chua-uong-cam-co-thach-nuvi-170ml_aaa6c8cd-6c25-460c-bd67-5ed88d4f84e6-og.jpg
10406972,Sữa đậu nành hạt óc chó Vinamilk lốc 4 hộp x 180ml,sua-san-pham-tu-sua--c08,31500.0,VINAMILK,https://ss-hn.fptvds.vn/images/2022/162427267695310406972-g4-sua-dau-nành-gap-dui-canxi-vinamilk-tyi-220ml-og.jpg
10625163,Sữa đậu nành hạnh nhân Vinamilk 4 hộp x 180ml,sua-san-pham-tu-sua--c08,31500.0,VINAMILK,https://ss-hn.fptvds.vn/images/2022/162427267556910625163-g4-loc-4-hop-sua-tuoi-tiet-trung-vinamilk-cu-duong-180ml-og.jpg
10010599,OVALTINE Sữa uống l.mạch socola 180ml*4,sua-san-pham-tu-sua--c08,30900.0,OVALTINE,https://ss-hn.fptvds.vn/images/2022/162427577848510010599-g4-kem-rua-mat-perfect-wash-oxy-tuyp-100g-og.jpg
10141580,Creamer đặc sữa pha chế Nutimilk hộp 380g,sua-san-pham-tu-sua--c08,20300.0,NUTIFOOD,https://ss-hn.fptvds.vn/images/2022/nutimilkcreamer-dacsua-phache-hop380gt24_160f708f-9049-4e18-ac1e-1188ba9f835c-og.jpg
10005761,Phô mai Vinamilk hộp 120g (8 miếng),sua-san-pham-tu-sua--c08,31100.0,VINAMILK,https://ss-hn.fptvds.vn/images/2022/162427276265710005761-hop-sua-chua-uong-cu-duong-probi-vinamilk-chai-400ml-og.jpg
10005295,FRISTI Sữa chua uống hương táo 80ml*6,sua-san-pham-tu-sua--c08,25800.0,FRISTI,https://ss-hn.fptvds.vn/images/2022/162428427366610005295-g6-thit-bu-nuong-xion-fuji-gui-200g-og.jpg
10010507,Sữa chua uống Fristi vị cam 80ml,sua-san-pham-tu-sua--c08,25800.0,FRISTI,https://ss-hn.fptvds.vn/images/2022/thuc-uong-dinh-duong-vi-chua-fristi-huong-cam-loc-6-chai-80ml_362332b8-46d3-4c2e-bff2-1063d0356a8d-og.jpg
10010508,FRISTI Sữa chua uống hương dâu 80ml*6,sua-san-pham-tu-sua--c08,25800.0,FRISTI,https://ss-hn.fptvds.vn/images/2022/thuc-uong-dinh-duong-vi-chua-fristi-huong-dau-loc-6-chai-80ml_482f8bab-3b84-4995-845d-fd3ecbf66cb9-og.jpg
10010509,FRISTI Sữa chua uống hương nho 80ml*6,sua-san-pham-tu-sua--c08,25800.0,FRISTI,https://ss-hn.fptvds.vn/images/2022/162428427418910010509-g6-thit-bu-nuong-mong-fuji-200g-og.jpg
10005357,VINAMILK Sữa tiệt trùng ít đường 180ml*4,sua-san-pham-tu-sua--c08,33600.0,VINAMILK,https://ss-hn.fptvds.vn/images/2022/162427266431110005357-g4-sua-tiet-trung-ot-duong-vinamilk-gui--220ml-og.jpg
10170501,Sữa Hạnh nhân nguyên chất Nature hộp 1L,sua-san-pham-tu-sua--c08,79900.0,NATRUE,https://ss-hn.fptvds.vn/images/2022/162428164470010170501-hop-chao-phu-gom-chong-donh-de-tu-neoflam-ec-rv-f20i-20cm-(xanh-da-troi)-og.jpg
10010494,VINAMILK SCU Susu hương dâu chai 80ml*6,sua-san-pham-tu-sua--c08,25500.0,VINAMILK,https://ss-hn.fptvds.vn/images/2022/162427269414610010494-g6-loc-4-chai-sua-chua-uong-vinamilk-susu-huong-too-nho-110ml-og.jpg
10010495,VINAMILK SCU Susu hương cam chai 80ml*6,sua-san-pham-tu-sua--c08,25500.0,VINAMILK,https://ss-hn.fptvds.vn/images/2022/loc-6-chai-sua-chua-uong-vinamilk-susu-huong-cam-80ml_cbc38759-07a3-4328-a002-a04011308172-og.jpg
10601139,"SAHMYOOK Sữa đậu đen,óc chó h.nhân 190ml",sua-san-pham-tu-sua--c08,54100.0,SAHMYOOK,"https://ss-hn.fptvds.vn/images/2022/162427523121910601139-g3-sua-dau-den,-uc-chu,-hanh-nhon-sahmyook-tyi--195ml-og.jpg"
10005289,VINAMILK SCU Probi hương dưa gang 65ml*5,sua-san-pham-tu-sua--c08,25400.0,VINAMILK,https://ss-hn.fptvds.vn/images/2022/sua-chua-uong-men-song-vinamilk-proby-huong-dua-gang-loc-5-chai-65ml_c3692873-e06a-4ad8-96b4-e46c25f6bd2a-og.jpg
10005288,VINAMILK SCU Probi hương dâu chai 65ml*5,sua-san-pham-tu-sua--c08,26000.0,VINAMILK,https://ss-hn.fptvds.vn/images/2022/162427275875310005288-g5-loc-5-chai-sua-chua-uong-men-song-huong-dua-gang-probi-65ml-og.jpg
10010492,VINAMILK Sữa tiệt trùng k.đường 180ml*4,sua-san-pham-tu-sua--c08,33600.0,VINAMILK,https://ss-hn.fptvds.vn/images/2022/162427266188010010492-g4-sua-tiet-trung-vinamilk-khung-duong-tyi-220ml-og.jpg
10010485,VINAMILK Sữa tiệt trùng socola 180ml*4,sua-san-pham-tu-sua--c08,33600.0,VINAMILK,https://ss-hn.fptvds.vn/images/2022/162427265616910010485-g4-sua-tiet-trung-su-cu-la-vinamilk-thung-gui-x-220ml-og.jpg
10625997,Sữa chua uống men sống Vinamilk Probi hương dứa Lốc 5 chai x 65ml,sua-san-pham-tu-sua--c08,27200.0,VINAMILK,https://ss-hn.fptvds.vn/images/2022/162427275803610625997-g5-loc-5-chai-sua-chua-uong-vinamilk-probi-huong-viet-quat-65ml-og.jpg
10005401,Sữa tiệt trùng Vinamilk có đường túi 220ml,sua-san-pham-tu-sua--c08,7900.0,VINAMILK,https://ss-hn.fptvds.vn/images/2022/vinamilk-stt-co-duong-f220ml_bcda552f-0aa8-412d-a04b-1e506bee655e-og.jpg
10005402,Sữa tiệt trùng Vinamilk không đường túi 220ml,sua-san-pham-tu-sua--c08,7900.0,VINAMILK,https://ss-hn.fptvds.vn/images/2022/vinamilk-stt-k_759d99d2-2f85-43d4-adcd-70506f42a52f-og.đường f220ml
10010491,Sữa tươi tiệt trùng Vinamilk không đường hộp 1 lít,sua-san-pham-tu-sua--c08,36500.0,VINAMILK,https://ss-hn.fptvds.vn/images/2022/481ccb3b-a04e-4ab9-a1a8-998a60fbe980_20210827074145-og.jpg
10010487,Sữa tươi tiệt trùng Vinamilk có đường hộp 1 lít,sua-san-pham-tu-sua--c08,36500.0,VINAMILK,https://ss-hn.fptvds.vn/images/2022/162427266838710010487-hop-thung-48-hop-sua-tuoi-tiet-trung-huong-dou-vinamilk-180ml-og.jpg
10235839,Lốc 4 hộp sữa tươi tiệt trùng không đường 100% Organic Vinamilk 180ml,sua-san-pham-tu-sua--c08,47200.0,VINAMILK,https://ss-hn.fptvds.vn/images/2022/162427269256810235839-g4-loc-4-hop-sua-tiet-trung-vinamilk-adm-cu-duong-180ml-og.jpg
10005255,Sữa chua Vinamilk có đường hộp 100g,sua-san-pham-tu-sua--c08,6400.0,VINAMILK,https://ss-hn.fptvds.vn/images/2022/1629658432772unnamed-2--og.jpg
10005280,Sữa chua ăn  Vinamilk ít đường hộp 100g ,sua-san-pham-tu-sua--c08,6400.0,VINAMILK,https://ss-hn.fptvds.vn/images/2022/1629658360806unnamed-1--og.jpg
10141679,"Thực phẩm bổ sung Anlene gold 3X hương vani 1,2kg",sua-san-pham-tu-sua--c08,506000.0,ANLENE,https://ss-hn.fptvds.vn/images/2022/anlene-tpbs-gold-3x-huong-vani-1-2-kg_e5d34e3a-0746-4f13-af35-b80abcaebaf8-og.jpg
10603574,Sữa đặc có đường Ngôi Sao Phương Nam hộp giấy 380g (Xanh lá),sua-san-pham-tu-sua--c08,21300.0,NGÔI SAO PHƯƠNG NAM,https://ss-hn.fptvds.vn/images/2023/02/viber_image_2023-01-05_17-05-54-489_1-removebg-preview-51-.jpg
10623217,Sữa uống Milo ít đường Nestle lốc  4 hộp x 180ml,sua-san-pham-tu-sua--c08,30300.0,MILO,https://ss-hn.fptvds.vn/images/2022/162428195153110623217-g4-loc-4-hop-sua-uong-lya-mach-milo-nestlo--180ml-og.jpg
10196194,Lốc 3 hộp sữa chua uống  Veyo vị cam Yuzu 180ml,sua-san-pham-tu-sua--c08,26300.0,VEYO,https://ss-hn.fptvds.vn/images/2023/02/loc-3-hop-sua-chua-uong-veyo-vi-cam-180ml.jpg
10196195,Lốc 3 hộp sữa chua uống  Veyo vị đào tiên Nhật 180ml,sua-san-pham-tu-sua--c08,26300.0,VEYO,https://ss-hn.fptvds.vn/images/2023/02/loc-3-hop-sua-chua-uong-vi-dao-tien-nhat-180ml.jpg
10196196,Lốc 3 hộp sữa chua uống  Veyo vị dâu 180ml,sua-san-pham-tu-sua--c08,26300.0,VEYO,https://ss-hn.fptvds.vn/images/2023/02/loc-3-hop-sua-chua-uong-veyo-vi-dau-180ml.jpg
10196788,Lốc 4 chai sữa chua uống Topkid Phô mai tự nhiên 90ml,sua-san-pham-tu-sua--c08,24000.0,TH MILK,https://ss-hn.fptvds.vn/images/2023/02/loc-sua-chua-uong-phomat-tu-nhien-topkid-90-ml-x-4-chai-1596428276-td5d.jpg
10196789,TOPKID SCUTT hương dâu 180ml*48,sua-san-pham-tu-sua--c08,34000.0,TH MILK,https://ss-hn.fptvds.vn/images/2023/02/topkid-dau.jpg
10196790,TOPKID SCUTT hương cam 180ml*48,sua-san-pham-tu-sua--c08,34000.0,TH MILK,https://ss-hn.fptvds.vn/images/2023/02/loc-4-hop-sua-chua-uong-topkid-huong-cam-180ml.jpg
10196791,Solse Phomai dây hun khói 100g,sua-san-pham-tu-sua--c08,60900.0,SOLSE,https://ss-hn.fptvds.vn/images/2022/solse-phomai-day-hun-khoi-100g.jpg
10196804,Lốc 4 hộp sữa Lof Malto lúa mach SôCôLa 180ml,sua-san-pham-tu-sua--c08,32000.0,IDP,https://ss-hn.fptvds.vn/images/2022/loc-4-hop-sua-lof-malto-lua-mach-socola-180ml.png
10196805,Lốc 4 hộp sữa Lof Malto Malt Mint lúa mạch 180ml,sua-san-pham-tu-sua--c08,32000.0,IDP,https://ss-hn.fptvds.vn/images/2022/loc-4-hop-sua-lof-malto-malt-mint-lua-mach-180ml.jpg
10196806,Lof Malto Sữa lúa mạch S CôLa 240ml T24,sua-san-pham-tu-sua--c08,10600.0,IDP,https://ss-hn.fptvds.vn/images/2022/lof-malto-sua-lua-mach-s-cola-240ml-t24.png
10196807,Lốc 3 hộp sữa  9 loại hạt Vinamilk Super Nut 180ml,sua-san-pham-tu-sua--c08,49300.0,VINAMILK,https://ss-hn.fptvds.vn/images/2022/loc-4-hop-sua-9-loai-hat-vinamilk-super-nut-180ml.jpg
10196810,Lốc 4 hộp Milo sữa lúa mạch ít đường 115ml,sua-san-pham-tu-sua--c08,20000.0,MILO,https://ss-hn.fptvds.vn/images/2023/02/loc-4-sua-milo-lua-mach-it-duong-115ml.jpg
10196815,Sữa tươi thanh trùng Lothamilk trân châu đường đen chai 250ml,sua-san-pham-tu-sua--c08,18500.0,LOTHAMILK,https://ss-hn.fptvds.vn/images/2022/sua-tuoi-thanh-trung-lothamilk-tran-chau-duong-den-chai-250ml.jpg
10196816,Sữa tươi thanh trùng Lothamilk tràn sữa trân châu đường đen chai 250ml,sua-san-pham-tu-sua--c08,18500.0,LOTHAMILK,https://ss-hn.fptvds.vn/images/2022/tstch.png
10196817,Lốc 4 hộp sữa tiệt trùng ít đường Nutimilk  100% Newzealand 180ml,sua-san-pham-tu-sua--c08,32500.0,NUTIFOOD,https://ss-hn.fptvds.vn/images/2022/loc-4-hop-sua-tiet-trung-it-duong-nutimilk-100-newzealand-180ml.jpg
10196818,Lốc 4 hộp sữa tươi tiệt trùng không đường  100% sữa  Newzealand  180ml,sua-san-pham-tu-sua--c08,32500.0,NUTIFOOD,https://ss-hn.fptvds.vn/images/2022/khongduong-nzl.png
10196820,Lốc 4 sữa tươi tiệt trùng ít đường vị đường Đen 180ml,sua-san-pham-tu-sua--c08,32000.0,NUTIFOOD,https://ss-hn.fptvds.vn/images/2023/02/eb9a9baf4fefbde92466508a925b6da4-jpg_720x720q80-20230228063550.jpg
10196844,Sữa chua uống hương dâu Yogu  85ml,sua-san-pham-tu-sua--c08,6500.0,NESTLE,https://ss-hn.fptvds.vn/images/2023/02/sua-chua-uong-huong-dau-yogu-85ml.jpg
10196845,Sữa chua uống hương cam Yogu  85ml,sua-san-pham-tu-sua--c08,6500.0,NESTLE,https://ss-hn.fptvds.vn/images/2023/02/sua-chua-uong-huong-cam-yogu-85ml.jpg
10301119,Lốc 4 hộp sữa đậu nành Secretz với mè đen Soy 180ml,sua-san-pham-tu-sua--c08,34700.0,SECRETZ,https://ss-hn.fptvds.vn/images/2023/02/loc-4-hop-sua-dau-nanh-secretz-voi-me-den-soy-180ml.jpg
10301121,Lốc 4 hộp sữa đậu nành Secretz với gạo mầm Soy 180ml,sua-san-pham-tu-sua--c08,34700.0,SECRETZ,https://ss-hn.fptvds.vn/images/2023/02/loc-4-hop-sua-dau-nanh-secretz-voi-gao-mam-soy-180ml.jpg
10005418,DUTCH LADY Sữa t.trùng có đường 180ml*4,sua-san-pham-tu-sua--c08,33800.0,DUTCH LADY,https://ss-hn.fptvds.vn/images/2022/162428444331210005418-g4-sua-tiet-trung-dutch-lady-khung-duong-hop-1l-og.jpg
10010614,Sữa tươi tiệt trùng TH True Milk có đường hộp 180ml ,sua-san-pham-tu-sua--c08,446400.0,TH MILK,https://ss-hn.fptvds.vn/images/2022/162427311116510010614-t-loc-4-hop-sua-tuoi-tiet-trung-th-true-milk-cu-duong-180ml-og.jpg
10010634,Sữa tươi tiệt trùng nguyên kem Meadow Fresh hộp 1L,sua-san-pham-tu-sua--c08,53500.0,MEADOW FRESH,https://ss-hn.fptvds.vn/images/2022/162428208686910010634-hop-mung-giu-meatdeli-premium-(s)-og.jpg
10005290,Sữa tươi tiệt trùng nguyên chất TH True Milk hộp 1 lít,sua-san-pham-tu-sua--c08,38600.0,TH MILK,https://ss-hn.fptvds.vn/images/2022/162427309953810005290-hop-thung-48-hop-sua-tuoi-tiet-trung-su-cu-la-nguyon-chat-th-true-milk-180ml-og.jpg
10637856,Sữa tươi nguyên chất Promess hộp 1L,sua-san-pham-tu-sua--c08,44600.0,PROMESS,https://ss-hn.fptvds.vn/images/2022/promess-sua-tiet-trung-nguyen-chat-1l_0de0435c-2692-4cf8-86f6-8398c0f0ca70-og.jpg
10005243,Sữa thanh trùng Dalat Milk không đường hộp 180ml,sua-san-pham-tu-sua--c08,12500.0,ĐÀ LẠT MILK,https://ss-hn.fptvds.vn/images/2022/162428485864410005243-hop-sua-tuoi-tiet-trung-ot-duong-dalat-milk-bich-220ml-og.jpg
10005226,Sữa chua nông trại Ba Vì Love'in Farm có đường hộp 100g,sua-san-pham-tu-sua--c08,5800.0,BA VÌ(IDP),https://ss-hn.fptvds.vn/images/2022/sua-chua-nong-trai-ba-vi-love-in-farm-co-duong-hop-100g_a2151503-e924-4bcb-bf7d-eb87574d0773-og.jpg
10005228,Sữa chua Mộc Châu có đường hộp 100g,sua-san-pham-tu-sua--c08,6300.0,MỘC CHÂU,https://ss-hn.fptvds.vn/images/2022/9545769025566.jpg
10005229,Sữa chua không đường Mộc Châu hộp 100g,sua-san-pham-tu-sua--c08,6300.0,MỘC CHÂU,https://ss-hn.fptvds.vn/images/2022/9608851750942.jpg
10005230,Sữa chua ăn nha đam Dalatmilk Yogus 100g,sua-san-pham-tu-sua--c08,11000.0,ĐÀ LẠT MILK,https://ss-hn.fptvds.vn/images/2022/sua-chua-an-nha-dam-dalatmilk-yogus-100g_770c3e41-86da-485d-b766-8b621fac4365-og.jpg
10005233,Sữa chua ăn đào Dalatmilk Yogus 100g,sua-san-pham-tu-sua--c08,11000.0,ĐÀ LẠT MILK,https://ss-hn.fptvds.vn/images/2022/sua-chua-an-dao-dalatmilk-yogus-100g_5e0bfdb8-0728-4b8b-821c-b1e0ce8d1920-og.jpg
10005234,Váng sữa Mixxi hương vani 75g,sua-san-pham-tu-sua--c08,55000.0,MIXXI,https://ss-hn.fptvds.vn/images/2022/162428179012510005234-g4-sua-chua-nep-cam-moc-chou-hu-160g-og.jpg
10005236,MIXXO GOLD Váng sữa hương vani 75g*4,sua-san-pham-tu-sua--c08,66600.0,MIXXO,https://ss-hn.fptvds.vn/images/2022/162428178735110005236-g4-sua-tuoi-tiet-trung-huong-dua-moc-chou-thung-12-hop-x-180ml-og.jpg
10005237,Sữa tươi thanh trùng Mộc Châu không đường chai 900g,sua-san-pham-tu-sua--c08,34500.0,MỘC CHÂU,https://ss-hn.fptvds.vn/images/2022/sua-tuoi-thanh-trung-moc-chau-khong-duong-chai-900g_053f352c-ee9c-4e7b-91fa-e0ec09c965a9-og.jpg
10005238,Sữa tươi thanh trùng Mộc Châu có đường chai 880ml,sua-san-pham-tu-sua--c08,34500.0,MỘC CHÂU,https://ss-hn.fptvds.vn/images/2022/sua-tuoi-thanh-trung-moc-chau-co-duong-chai-880ml_6625a2d2-8402-427e-b54a-6bc52fe31e85-og.jpg
10005240,Sữa thanh trùng Dalat Milk không đường 950ml,sua-san-pham-tu-sua--c08,47100.0,ĐÀ LẠT MILK,https://ss-hn.fptvds.vn/images/2022/162428485769710005240-hop-bonh-qui-bo-danisa-hop-454g-og.jpg
10005241,Sữa tươi thanh trùng Dalat Milk không đường hộp 450ml,sua-san-pham-tu-sua--c08,26400.0,ĐÀ LẠT MILK,https://ss-hn.fptvds.vn/images/2022/162428485820210005241-hop-bonh-quy-bo-danisa-hop-200g-og.jpg
10005242,Sữa tươi thanh trùng Dalat Milk có đường hộp 450ml,sua-san-pham-tu-sua--c08,26200.0,ĐÀ LẠT MILK,https://ss-hn.fptvds.vn/images/2022/162428485967010005242-hop-sua-tuoi-tiet-trung-cu-duong-dalat-milk-bich-220ml-og.jpg
10005244,Sữa tươi thanh trùng sô cô la Dalat Milk có đường hộp 180ml,sua-san-pham-tu-sua--c08,12500.0,ĐÀ LẠT MILK,https://ss-hn.fptvds.vn/images/2022/162428485675210005244-hop-bonh-quy-bo-danisa-hop-681g-og.jpg
10005245,Sữa chua ăn  không đường Vinamilk hộp 100g ,sua-san-pham-tu-sua--c08,6400.0,VINAMILK,https://ss-hn.fptvds.vn/images/2022/1629658058768unnamed-og.jpg
10005247,Sữa chua nha đam Vinamilk hộp 100g,sua-san-pham-tu-sua--c08,7800.0,VINAMILK,https://ss-hn.fptvds.vn/images/2022/1629658513724unnamed-3--og.jpg
10005249,Sữa chua cho trẻ em vị dâu chuối SuSu Vinamilk hộp 80g,sua-san-pham-tu-sua--c08,7700.0,SUSU,https://ss-hn.fptvds.vn/images/2022/vinamilk-sca-susu-vi-dau-chuoi-80g_5944a15d-22f7-4acd-8a9d-6598ba488a2c-og.jpg
10005252,Sữa chua cho trẻ em SuSu Vinamilk hộp 80g,sua-san-pham-tu-sua--c08,7800.0,VINAMILK,https://ss-hn.fptvds.vn/images/2022/97824d5d-9132-4414-8573-070a0c447446_20210827115502-og.jpg
10005253,VINAMILK SCU Probi có đường chai 65ml*5,sua-san-pham-tu-sua--c08,25400.0,VINAMILK,https://ss-hn.fptvds.vn/images/2022/162427276053210005253-g5-sua-chua-uong-cu-duong-probi-vinamilk-700ml-og.jpg
10005254,Sữa chua Probi Vinamilk có đường hộp 100g,sua-san-pham-tu-sua--c08,8200.0,VINAMILK,https://ss-hn.fptvds.vn/images/2022/sua-chua-probi-vinamilk-co-duong-hop-100g_1c5bc244-4d19-460e-bc82-ea0aab0efa28-og.jpg
10005259,Sữa chua uống vị cam YoMost 170ml,sua-san-pham-tu-sua--c08,33000.0,YOMOST,https://ss-hn.fptvds.vn/images/2022/162427168906910005259-g4-loc-4-hop-sua-chua-uong-vi-cam-yomost--170ml-og.jpg
10005260,Sữa chua uống vị dâu YoMost 170ml,sua-san-pham-tu-sua--c08,33000.0,YOMOST,https://ss-hn.fptvds.vn/images/2022/162427168866010005260-g4-loc-4-hop-sua-chua-uong-vi-dou-yomost-170ml-og.jpg
10005262,Thức uống từ sữa chua vị lựu YoMost 170ml,sua-san-pham-tu-sua--c08,33000.0,YOMOST,https://ss-hn.fptvds.vn/images/2022/loc-4-hop-sua-chua-uong-vi-luu-yomost-170ml_82e1e0e9-7a90-4c38-bec8-88358d0801c7-og.jpg
10005268,BETAGEN SCU lên men h.tự nhiên 85ml*4,sua-san-pham-tu-sua--c08,26400.0,BETAGEN,https://ss-hn.fptvds.vn/images/2022/162428567717110005268-g4-sua-chua-uong-lon-men-betagen-huong-tu-nhion-chai-300ml-og.jpg
10005269,Lốc 4 hộp sữa chua uống lên men Bentagen hương dâu 85ml,sua-san-pham-tu-sua--c08,26400.0,BETAGEN,https://ss-hn.fptvds.vn/images/2022/162428567850810005269-g4-sua-chua-uong-lon-men-betagen-huong-dou-chai-300ml-og.jpg
10005270,Sữa chua uống lên men Bentagen không béo lốc 4 85ml,sua-san-pham-tu-sua--c08,26400.0,BETAGEN,https://ss-hn.fptvds.vn/images/2022/162428567448410005270-g4-bo-dao-chanh-og.jpg
10005271,Lốc 4 hộp sữa chua uống lên men Bentagen hương cam  85ml,sua-san-pham-tu-sua--c08,26400.0,BETAGEN,https://ss-hn.fptvds.vn/images/2022/162428567602010005271-g4-sua-uong-lon-men-huong-dou-betagen-chai-700ml-og.jpg
10005277,Sữa uống lên men Yakult lốc 5 chai x 65ml ,sua-san-pham-tu-sua--c08,25400.0,YAKULT,https://ss-hn.fptvds.vn/images/2022/162427171188210005277-g5-sua-uong-lon-men-yakult-loc-5-chai-x-65ml-og.jpg
10005278,ZOTT Váng sữa uống Monte h.vani 95ml*4,sua-san-pham-tu-sua--c08,56100.0,ZOTT,https://ss-hn.fptvds.vn/images/2022/vang-sua-uong-huong-vani-zott-monte-loc-4-chai-x-95ml_91b4a885-ae0c-4381-9a5a-404539a64dbf-og.jpg
10005279,ZOTT Váng sữa Monte hương vani 55g*4,sua-san-pham-tu-sua--c08,64200.0,ZOTT,https://ss-hn.fptvds.vn/images/2022/1_21bcf60a-cc04-4d0d-a414-dbde938ce666-og.png
10005283,BETAGEN SCU lên men hương dứa 85ml*4,sua-san-pham-tu-sua--c08,26400.0,BETAGEN,https://ss-hn.fptvds.vn/images/2022/162428567535710005283-g4-ngu-coc-dinh-duong-vinacafo-gui-500g-og.jpg
10005284,Sữa uống lên men Betagen hương tự nhiên chai 400ml,sua-san-pham-tu-sua--c08,28100.0,BETAGEN,https://ss-hn.fptvds.vn/images/2022/aqwertghbvcx.png
10005285,Sữa uống lên men hương cam Betagen chai 300ml,sua-san-pham-tu-sua--c08,21900.0,BETAGEN,https://ss-hn.fptvds.vn/images/2022/162428567709610005285-cha-loc-4-sua-uong-lon-men-khung-boo-betagen-chai-85ml-og.jpg
10005287,Sữa chua táo chuối SuSu Vinamilk hộp 80g,sua-san-pham-tu-sua--c08,7700.0,VINAMILK,https://ss-hn.fptvds.vn/images/2022/vinamilk-sca-susu-vi-tao-chuoi-80g_c06f9c01-7e68-4f27-977a-dd5201c3ee65-og.jpg
10005291,Sữa tươi tiệt trùng TH True Milk có đường hộp 1L,sua-san-pham-tu-sua--c08,38600.0,TH MILK,https://ss-hn.fptvds.vn/images/2022/sua-tuoi-tiet-trung-th-true-milk-co-duong-hop-1l_8d1c2a5b-cdd5-448f-9e67-5c84b9f6db38-og.jpg
10005292,Sữa tươi tiệt trùng TH True Milk ít đường hộp 1 lít,sua-san-pham-tu-sua--c08,38600.0,TH MILK,https://ss-hn.fptvds.vn/images/2022/sua-tuoi-tiet-trung-th-true-milk-it-duong-hop-1l_57950bd0-c88a-42df-ab59-1140f4065647-og.jpg
10005297,Vỉ 4 hộp váng sữa Monte sô cô la 55g,sua-san-pham-tu-sua--c08,64200.0,ZOTT,https://ss-hn.fptvds.vn/images/2022/sudhj_ea1f98f4-0d08-4d50-bdaa-694121f95a1a-og.png
10005298,Sữa chua ăn TH True Yogurt có đường hộp 100g ,sua-san-pham-tu-sua--c08,7300.0,TH MILK,https://ss-hn.fptvds.vn/images/2022/1629658699882unnamed-4--og.jpg
10005299,Sữa chua nha đam tự nhiên TH True Yogurt hộp 100g,sua-san-pham-tu-sua--c08,8600.0,TH MILK,https://ss-hn.fptvds.vn/images/2022/th-milk-sua-chua-an-nha-dam-100g_b92d3389-0ad0-4142-b66e-24cd30f0c3a2-og.jpg
10005300,Sữa chua uống men sống hương vanilla tự nhiên TH True Yogurt lốc 4 hộp x 100ml,sua-san-pham-tu-sua--c08,30300.0,TH MILK,https://ss-hn.fptvds.vn/images/2022/sua-chua-uong-men-song-huong-vanilla-tu-nhien-th-true-yogurt-loc-4-hop-x-100ml_2208a0fb-6eb2-417a-8b95-ce2f86c7114c-og.jpg
10005303,Lốc 4 hộp sữa chua uống TH Milk Hương việt quất 100ml,sua-san-pham-tu-sua--c08,30400.0,TH MILK,https://ss-hn.fptvds.vn/images/2022/162427322295210005303-g4-loc-4-hop-sua-chua-an-nha-dam-tu-nhion-thtrue-yogurt-100g-og.jpg
10005304,Sữa tươi tiệt trùng Anchor hộp 1L,sua-san-pham-tu-sua--c08,55700.0,ANCHOR,https://ss-hn.fptvds.vn/images/2022/sua-tuoi-tiet-trung-anchor-hop-1l.jpg
10005315,FAMI Sữa đậu nành canxi 200ml*6,sua-san-pham-tu-sua--c08,161100.0,FAMI,https://ss-hn.fptvds.vn/images/2022/162428432429910005315-t-sua-dau-nành-nguyon-chat-fami-6-hop-x-200ml-og.jpg
10005316,TH MILK Sữa chua uống hương cam 180ml*4,sua-san-pham-tu-sua--c08,33600.0,TH MILK,https://ss-hn.fptvds.vn/images/2022/loc-4-hop-sua-chua-uong-th-milk-huong-cam-180ml-20221014063448-og.jpg
10005317,TH MILK Sữa chua uống hương dâu 180ml*4,sua-san-pham-tu-sua--c08,33600.0,TH MILK,https://ss-hn.fptvds.vn/images/2022/sua-chua-uong-tiet-trung-huong-dau-tu-nhien-th-true-yogurt-loc-4-hop-x-180ml_af917137-4b04-44ea-b410-9f05f75f2c18-og.jpg
10005318,TH MILK SCU hương việt quất 180ml*4,sua-san-pham-tu-sua--c08,33300.0,TH MILK,https://ss-hn.fptvds.vn/images/2022/sua-chua-uong-tiet-trung-huong-viet-quat-tu-nhien-th-true-yogurt-loc-4-hop-x-180ml_6abb131c-c265-4ae8-b0af-f26b6870620f-og.jpg
10005319,Sữa đậu nành Fami Canxi Vinasoy túi 200ml,sua-san-pham-tu-sua--c08,4400.0,FAMI,https://ss-hn.fptvds.vn/images/2022/8934614030431_fami-canxi-bich-200ml.png
10005324,Phô mai sữa chua Kids Mix Premium hoa quả  50g,sua-san-pham-tu-sua--c08,84000.0,KIDSMIX,https://ss-hn.fptvds.vn/images/2022/162428320723710005324-g6-nuoc-tuong-kikkoman-chai-150ml-og.jpg
10005326,Sữa chua men sống hương việt quất TH True Yogurt hộp 100g,sua-san-pham-tu-sua--c08,8700.0,TH MILK,https://ss-hn.fptvds.vn/images/2022/thtrue-yogurt-sca-huong-viet-quat-100g_f20a9bba-c322-44fa-86a4-94b735048728-og.jpg
10005327,Sữa chua men sống vị trái cây tự nhiên TH True Yogurt hộp 100g,sua-san-pham-tu-sua--c08,8700.0,TH MILK,https://ss-hn.fptvds.vn/images/2022/sua-chua-men-song-vi-trai-cay-tu-nhien-th-true-yogurt-hop-100g_38574504-65f2-4ff1-9aa9-a4d2eaaf5195-og.jpg
10005336,Sữa chua uống Star Vinamilk có đường hộp 100g,sua-san-pham-tu-sua--c08,6200.0,VINAMILK,https://ss-hn.fptvds.vn/images/2022/vinamilk-sca-star-co-duong-hop-100g_daddc8d9-1edc-4e66-8c50-e51e19fbf8ff-og.jpg
10005337,Sữa chua uống lên men Bentagen không béo 300ml,sua-san-pham-tu-sua--c08,21900.0,BETAGEN,https://ss-hn.fptvds.vn/images/2022/162428567421810005337-cha-loc-4-hop-sua-lya-mach-b'fast-canxi-180ml-og.jpg
10005341,HOFF Váng sữa hương vani 55g*4,sua-san-pham-tu-sua--c08,56600.0,HOFF,https://ss-hn.fptvds.vn/images/2022/162428383508910005341-g4-ngu-ngot-homefood-500g-og.jpg
10005342,KUN Sữa vị cacao lúa mạch hộp 110ml T48,sua-san-pham-tu-sua--c08,19400.0,KUN,https://ss-hn.fptvds.vn/images/2022/10005342g4.jpg
10005343,Sữa Kun vị cacao lúa mạch hộp 180ml,sua-san-pham-tu-sua--c08,30000.0,KUN,https://ss-hn.fptvds.vn/images/2023/03/sua-kun-vi-cacao-lua-mach-hop-180ml-goi-4-1--20230323030322.png
10005344,LEPETIT Phô mai tươi vị trái cây,sua-san-pham-tu-sua--c08,81600.0,LEPETIT,https://ss-hn.fptvds.vn/images/2022/pho-mai-le-petit-plaisir-bauer-vi-trai-cay-vi-6-hop-50g_bf038ecf-0e52-4369-a01e-cb4ba665783b-og.jpg
10005347,KIDSMIX Phô mai ăn vị dâu mâm xôi 50g*4,sua-san-pham-tu-sua--c08,54200.0,KIDSMIX,https://ss-hn.fptvds.vn/images/2022/162428321006010005347-g4-nuoc-tuong-sushi-&-sashimi-kikkoman-chai-150ml-og.jpg
10005348,KIDSMIX Phô mai ăn vị dâu lê 50g*4,sua-san-pham-tu-sua--c08,54200.0,KIDSMIX,https://ss-hn.fptvds.vn/images/2022/162428321163910005348-g4-nuoc-tuong-fragrance-dac-biet-kikkoman-chai-600ml-og.jpg
10005349,Phô mai ăn vị dâu chuối Kidsmix 50g,sua-san-pham-tu-sua--c08,54200.0,KIDSMIX,https://ss-hn.fptvds.vn/images/2022/162428321237910005349-g4-hat-dieu-vi-toi-kieu-trang-hop-225g-og.jpg
10005358,HOFF Váng sữa vị hạt dẻ 55g*4,sua-san-pham-tu-sua--c08,56600.0,HOFF,https://ss-hn.fptvds.vn/images/2022/vang-sua-hoff-vi-hat-de-vi-4-hop-55g_22d75978-7bf2-42bf-a38b-4bd2d4c8bcb2-og.jpg
10005359,KUN Sữa chua uống hương cam 110ml*4,sua-san-pham-tu-sua--c08,19400.0,KUN,https://ss-hn.fptvds.vn/images/2022/loc-4-hop-sua-chua-uong-kun-huong-cam-110ml.jpg
10005365,KUN Sữa chua uống hương cam 180ml*4,sua-san-pham-tu-sua--c08,30300.0,KUN,https://ss-hn.fptvds.vn/images/2023/03/kun-sua-chua-uong-huong-cam-180ml_4-20230323031607.png
10005377,Sữa chua uống lên men vị tự nhiên Betagen chai 700ml,sua-san-pham-tu-sua--c08,43700.0,BETAGEN,https://ss-hn.fptvds.vn/images/2022/162428567798510005377-cha-loc-4-hop-sua-chua-uong-lon-men-betagen-huong-dua--300ml-og.jpg
10005378,Sữa chua uống lên men vị men hương cam Betagen chai 700ml,sua-san-pham-tu-sua--c08,43700.0,BETAGEN,https://ss-hn.fptvds.vn/images/2022/162428567680410005378-cha-sua-uong-lon-men-tu-nhion-betagen-chai-400ml-og.jpg
10005385,KUN Sữa chua uống vị kem dâu hộp 180ml*4,sua-san-pham-tu-sua--c08,30300.0,KUN,https://ss-hn.fptvds.vn/images/2023/03/kun-sua-chua-uong-vi-kem-dau-hop-180ml_4-20230323031848.png
10005386,KUN Sữa chua uống vị kem dâu hộp 110ml*4,sua-san-pham-tu-sua--c08,19400.0,KUN,https://ss-hn.fptvds.vn/images/2022/loc-4-hop-sua-chua-uong-kun-vi-kem-dau-hop-110ml-20221014063328-og.jpg
10005407,Sữa thanh trùng nguyên chất TH Milk 950ml,sua-san-pham-tu-sua--c08,46500.0,TH MILK,https://ss-hn.fptvds.vn/images/2022/162427320152210005407-hop-nuoc-vi-cam-sua-th-true-milk-chai-300ml-og.jpg
10005408,Sữa thanh trùng TH Milk ít đường 950ml,sua-san-pham-tu-sua--c08,45900.0,TH MILK,https://ss-hn.fptvds.vn/images/2022/sua-thanh-trung-th-milk-it-duong-950ml.jpg
10005409,Sữa tiệt trùng Vinamilk hương dâu gói 220ml,sua-san-pham-tu-sua--c08,7900.0,VINAMILK,https://ss-hn.fptvds.vn/images/2022/162427266562410005409-g1-thung-48-hop-sua-tuoi-tiet-trung-ot-duong-vinamilk-180ml-og.jpg
10005410,Sữa tiệt trùng sô cô la Vinamilk  gói 220ml,sua-san-pham-tu-sua--c08,7900.0,VINAMILK,https://ss-hn.fptvds.vn/images/2022/162427265381910005410-g1-mot-say-vinamit-gui-100g-og.jpg
10005415,DUTCH LADY Sữa t.trùng có đường 110ml*4,sua-san-pham-tu-sua--c08,22000.0,DUTCH LADY,https://ss-hn.fptvds.vn/images/2022/sua-tiet-trung-dutch-lady-co-duong-loc-4-hop-x-110ml_8ef311c3-24c1-43ed-9c7e-3066ed5dc238-og.jpg
10005419,Sữa tươi tiệt trùng vị dâu Cô gái Hà Lan 180ml,sua-san-pham-tu-sua--c08,386500.0,DUTCH LADY,https://ss-hn.fptvds.vn/images/2022/sua-tiet-trung-dutch-lady-huong-dau-loc-4-hop-180ml_e1e481b5-896a-4419-9f6f-f992ef2b667b-og.jpg
10005420,DUTCH LADY Sữa tiệt trùng socola 180ml*4,sua-san-pham-tu-sua--c08,33800.0,DUTCH LADY,https://ss-hn.fptvds.vn/images/2022/162428443238010005420-g4-loc-4-sua-chua-uong-lon-men-tu-nhion-dutch-lady-huong-viet-quat-và-bac-hà-180ml-og.jpg
10005425,Sữa tươi tiệt trùng Cô gái Hà Lan không đường túi 220ml,sua-san-pham-tu-sua--c08,369600.0,DUTCH LADY,https://ss-hn.fptvds.vn/images/2022/sua-tiet-trung-dutch-lady-khong-duong-goi-220ml_9831abb7-2070-4885-b7aa-7f369d5212e9-og.jpg
10005426,Sữa tươi tiệt trùng Cô gái Hà Lan có đường túi 220ml,sua-san-pham-tu-sua--c08,7700.0,DUTCH LADY,https://ss-hn.fptvds.vn/images/2022/8934841901931_1f0ed982-b48f-4117-83d1-231eb086efb6-og.jpg
10005427,Sữa tiệt trùng Active 20+ hương dâu Cô gái Hà Lan gói 220ml,sua-san-pham-tu-sua--c08,369600.0,DUTCH LADY,https://ss-hn.fptvds.vn/images/2022/162428443668610005427-t-thung-48--dutch-lady--sua-tiet-trung-khung-duong-180ml-og.jpg
10005433,DUTCH LADY Sữa TT không đường 180ml*4,sua-san-pham-tu-sua--c08,386500.0,DUTCH LADY,https://ss-hn.fptvds.vn/images/2022/162428443119510005433-t-dau-an-huong-duong-dykanka-chai-1-lot-og.jpg
10005436,Sữa dinh dưỡng NutiMilk có đường fino 220ml,sua-san-pham-tu-sua--c08,7800.0,NUTIFOOD,https://ss-hn.fptvds.vn/images/2022/sua-dinh-duong-nutimilk-co-duong-fino-220ml_eb90dbfb-0fb4-45b9-aa67-19857e27c0ee-og.jpg
10005437,Sữa dinh dưỡng NutiMilk không đường fino 220ml,sua-san-pham-tu-sua--c08,7800.0,NUTIFOOD,https://ss-hn.fptvds.vn/images/2022/sua-dinh-duong-nutimilk-khong-duong-fino-220ml_f939d590-e2f3-4eea-af74-021cdd66d884-og.jpg
10005441,Sữa đậu nành nguyên chất Vinamilk lốc 4 hộp x 200ml,sua-san-pham-tu-sua--c08,20600.0,VINAMILK,https://ss-hn.fptvds.vn/images/2022/sua-dau-nanh-nguyen-chat-vinamilk-loc-4-hop-x-200ml_43ae1d18-51fe-41f1-ad1f-bf41a6fcdd67-og.jpg
10005442,Sữa đậu nành gấp đôi canxi Vinamilk lốc 4 hộp x 200ml,sua-san-pham-tu-sua--c08,20600.0,VINAMILK,https://ss-hn.fptvds.vn/images/2022/sua-dau-nanh-gap-doi-canxi-vinamilk-loc-4-hop-x-200ml_f6268f02-f4b2-42ac-b734-8e9d9c777b49-og.jpg
10005446,Sữa chua ăn Ba Vì có đường hộp 100g,sua-san-pham-tu-sua--c08,5600.0,BA VÌ,https://ss-hn.fptvds.vn/images/2022/9565240819742.jpg
10005451,Sữa thanh trùng Ba Vì không đường 890ml,sua-san-pham-tu-sua--c08,36700.0,BA VÌ,https://ss-hn.fptvds.vn/images/2022/162428576754810005451-cha-ngu-coc-bakalland-muesli-5-tropical-fruits-&-honey-gui-300g-og.jpg
10005466,Sữa chua có đường NutiFood Hộp 100g,sua-san-pham-tu-sua--c08,6100.0,NUTIFOOD,https://ss-hn.fptvds.vn/images/2022/9498597261342-og.jpg
10005469,VNM SCU Probi light ít đường 65ml*5,sua-san-pham-tu-sua--c08,26000.0,VINAMILK,https://ss-hn.fptvds.vn/images/2022/162427179808910005469-g5-loc-5-hop-sua-chua-uong-men-song-ot-duong-probi-vinamilk-65ml-og.jpg
10005491,LIF Sữa bắp non 180ml*4,sua-san-pham-tu-sua--c08,31300.0,LIF,https://ss-hn.fptvds.vn/images/2022/viber_image_2023-01-03_08-34-39-101.jpg
10005496,Lốc 4 hộp váng sữa Gotz Hoff 55g,sua-san-pham-tu-sua--c08,31100.0,GOTZ,https://ss-hn.fptvds.vn/images/2022/vang-sua-gotz-hoff-55g4-20221007080804-og.jpg
10005502,Sữa tươi tiệt trùng nguyên Chất TH True Milk gói 220ml,sua-san-pham-tu-sua--c08,427200.0,TH MILK,https://ss-hn.fptvds.vn/images/2022/162427310022610005502-t-sua-tuoi-tiet-trung-nguyon-chat-th-true-milk-hop-1-lot-og.jpg
10005503,Sữa tươi tiệt trùng TH True Milk ít đường gói 220ml,sua-san-pham-tu-sua--c08,8900.0,TH MILK,https://ss-hn.fptvds.vn/images/2022/162427310461110005503-g1-thung-48-hop-sua-tuoi-tiet-trung-th-true-milk-ot-duong-180ml-og.jpg
10005504,Sữa tươi tiệt trùng TH True Milk có đường gói 220ml,sua-san-pham-tu-sua--c08,8900.0,TH MILK,https://ss-hn.fptvds.vn/images/2022/sua-tuoi-tiet-trung-th-true-milk-co-duong-goi-220ml-20221007081109-og.jpg
10005715,Bơ mặn Président gói 200g,sua-san-pham-tu-sua--c08,102200.0,PRESIDENT,https://ss-hn.fptvds.vn/images/2022/162427552559110005715-me-bo-nhat-president-vi-10-vion-x-10g-og.png
10005716,Bơ nhạt Président gói 200g,sua-san-pham-tu-sua--c08,102200.0,PRESIDENT,https://ss-hn.fptvds.vn/images/2022/162427552419410005716-me-snack-khoai-toy-pringles-hop-110g-og.jpg
10005765,Bơ lạt Paysan Breton hộp 250g,sua-san-pham-tu-sua--c08,162000.0,PAYSAN,https://ss-hn.fptvds.vn/images/2022/bo-lat-paysan-breton-hop-250g.jpg
10005766,Bơ mặn Paysan Breton hộp 250g,sua-san-pham-tu-sua--c08,162000.0,PAYSAN,https://ss-hn.fptvds.vn/images/2022/bo-man-paysan-breton-hop-250g.jpg
10005768,Phô mai Mozzarella gói 200g,sua-san-pham-tu-sua--c08,74300.0,MOZZARELLA,https://ss-hn.fptvds.vn/images/2022/9482234495006-og.jpg
10005770,Phô mai Emmental sợi gói 70g,sua-san-pham-tu-sua--c08,49000.0,EMMENTAL,https://ss-hn.fptvds.vn/images/2022/pho-mai-emmental-soi-goi-70g_ae10f5b7-b455-4a90-8943-3dc21f8da890-og.jpg
10005771,Phô mai Emmental gói 220g,sua-san-pham-tu-sua--c08,130500.0,EMMENTAL,https://ss-hn.fptvds.vn/images/2022/162428438676910005771-g1-giay-ve-sinh-e'mos-premium-co-heo-xanh-10-cuon-x-2-lop-og.jpg
10005772,Phô mai Kiwifood Gouda gói 200g,sua-san-pham-tu-sua--c08,107900.0,KIWIFOOD,https://ss-hn.fptvds.vn/images/2022/9604236640286-og.jpg
10005773,Phô mai cheddar Kiwifood gói 200g,sua-san-pham-tu-sua--c08,91600.0,KIWIFOOD,https://ss-hn.fptvds.vn/images/2022/9498459275294-og.jpg
10005774,Phô mai gói Edam 200g,sua-san-pham-tu-sua--c08,102800.0,EDAM,https://ss-hn.fptvds.vn/images/2022/pho-mai-goi-edam-200g.jpg
10005778,Bơ mặn President gói 125g,sua-san-pham-tu-sua--c08,66000.0,PRESIDENT,https://ss-hn.fptvds.vn/images/2022/bo-man-president-goi-125g.jpg
10005779,Bơ nhạt President gói 125g,sua-san-pham-tu-sua--c08,65500.0,PRESIDENT,https://ss-hn.fptvds.vn/images/2022/9598495719454-og.jpg
10005780,Bơ nhạt President vỉ 10 viên x 10g,sua-san-pham-tu-sua--c08,57500.0,PRESIDENT,https://ss-hn.fptvds.vn/images/2022/162427552367310005780-hop-snack-khoai-toy-vi-kem-chua-sot-hành-pringles-hop-110g-og.jpg
10005781,Bơ nhạt Président vỉ 10 hộpx10g,sua-san-pham-tu-sua--c08,61300.0,PRESIDENT,https://ss-hn.fptvds.vn/images/2022/bo-nhat-president-vi-10-hopx10g.jpg
10005784,Phô mai vuông Belcube vị sữa Con Bò Cười gói 125g,sua-san-pham-tu-sua--c08,62300.0,BELCUBE,https://ss-hn.fptvds.vn/images/2022/162428569110710005784-hop-nuoc-cot-dua-ben-tre-chef's-choice-400ml-og.jpg
10005786,Phô mai vuông vị sữa  Belcube gói 78g,sua-san-pham-tu-sua--c08,44200.0,BELCUBE,https://ss-hn.fptvds.vn/images/2023/03/pho-mai-vuong-vi-sua-belcube-goi-78g-20230323043252.jpg
10005788,Phô mai Belcube vị cheddar khói gói 78g,sua-san-pham-tu-sua--c08,44600.0,BELCUBE,https://ss-hn.fptvds.vn/images/2022/pho-mai-belcube-vi-cheddar-khoi-goi-78g.jpg
10005789,Phô mai lát Con Bò Cười Light gói 200g,sua-san-pham-tu-sua--c08,62300.0,CON BÒ CƯỜI,https://ss-hn.fptvds.vn/images/2022/162428504267310005789-g1-bia-corona-extra-loc-6-chai-x-355ml-og.jpg
10005790,Phô mai Con Bò Cười sandwich Cheddar 200g,sua-san-pham-tu-sua--c08,62300.0,CON BÒ CƯỜI,https://ss-hn.fptvds.vn/images/2022/162428505057510005790-g1-phu-mai-con-bu-cuoi-light-120g-og.jpg
10005791,Phô mai lát Lavache Quirit gói 200g,sua-san-pham-tu-sua--c08,62300.0,CON BÒ CƯỜI,https://ss-hn.fptvds.vn/images/2022/162428505286710005791-g1-phu-mai-con-bu-cuoi-hop-240g-og.jpg
10005792,Phô Mai Lát Toast Original Con Bò Cười 200g,sua-san-pham-tu-sua--c08,62300.0,CON BÒ CƯỜI,https://ss-hn.fptvds.vn/images/2022/162428505146510005792-g1-phu-mai-lot-con-bu-cuoi-light-gui-200g-og.jpg
10005794,Bơ lạt Elle & Vire gói 200g,sua-san-pham-tu-sua--c08,81000.0,ELLE&VIRE,https://ss-hn.fptvds.vn/images/2022/162428440147310005794-g1-kem-sua-su-cu-la-elle-&-vire-hop-100g-og.jpg
10005805,Phô mai Mozzarella hộp 200g,sua-san-pham-tu-sua--c08,96100.0,MOZZARELLA,https://ss-hn.fptvds.vn/images/2022/9533173923870-og.jpg
10005808,Phô mai hun khói gói 160g,sua-san-pham-tu-sua--c08,121000.0,NGUYỄN HỒNG,https://ss-hn.fptvds.vn/images/2022/pho-mai-hun-khoi-goi-200g_59dca677-1adb-4f0c-8bd0-305f425e4178-og.jpg
10005819,Bơ mặn Anchor gói 250g,sua-san-pham-tu-sua--c08,115900.0,ANCHOR,https://ss-hn.fptvds.vn/images/2022/bo-man-anchor-goi-250g-20221007081107-og.jpg
10005820,Bơ lạt Anchor gói 227g,sua-san-pham-tu-sua--c08,115900.0,ANCHOR,https://ss-hn.fptvds.vn/images/2022/bo-lat-anchor-goi-227g-20221014061825-og.jpg
10005823,Kem sữa tươi đánh tiệt trùng Anchor hộp 250ml,sua-san-pham-tu-sua--c08,76500.0,ANCHOR,https://ss-hn.fptvds.vn/images/2022/kem-sua-tuoi-danh-tiet-trung-anchor-hop-250ml_43491195-af3b-4aa2-9ed1-2407c03e26bb-og.jpg
10005824,Phô mai lát vị sữa Chesdale gói 250g,sua-san-pham-tu-sua--c08,81000.0,ANCHOR,https://ss-hn.fptvds.vn/images/2022/pho-mai-lat-vi-sua-chesdale-goi-250g-20221014061825-og.jpg
10005837,Phô mai Milkana hộp 120g,sua-san-pham-tu-sua--c08,36800.0,MILKANA,https://ss-hn.fptvds.vn/images/2022/9523579944990-og.jpg
10005853,Bơ lạt Presiden hộp 250g,sua-san-pham-tu-sua--c08,164100.0,PRESIDENT,https://ss-hn.fptvds.vn/images/2022/bo-lat-presiden-hop-250g-20221014063449-og.png
10005859,Phô mai Paysan camembert breton hộp 125g,sua-san-pham-tu-sua--c08,99000.0,PAYSAN,https://ss-hn.fptvds.vn/images/2022/pho-mai-paysan-camembert-breton-hop-125g-20221014063010-og.jpg
10005860,Phô mai Paysan Brie Breton hộp 125g,sua-san-pham-tu-sua--c08,99000.0,PAYSAN,https://ss-hn.fptvds.vn/images/2022/pho-mai-paysan-brie-breton-hop-125g.jpg
10005873,Phô mai Zelachi cheddar gói 100g,sua-san-pham-tu-sua--c08,51500.0,ZELACHI,https://ss-hn.fptvds.vn/images/2022/pho-mai-zelachi-cheddar-goi-100g.jpg
10010439,MỘC CHÂU Sữa tiệt trùng có đường 180ml*4,sua-san-pham-tu-sua--c08,33600.0,MỘC CHÂU,https://ss-hn.fptvds.vn/images/2022/9471303843870.jpg
10010440,MỘC CHÂU Sữa tiệt trùng h.dừa 180ml*4,sua-san-pham-tu-sua--c08,33600.0,MỘC CHÂU,https://ss-hn.fptvds.vn/images/2022/162428178312010010440-g4-khan-mat-modal-fm6e-6168-40-x-78cm-og.jpg
10010442,MỘC CHÂU Sữa tiệt trùng có đường 110ml*4,sua-san-pham-tu-sua--c08,21400.0,MỘC CHÂU,https://ss-hn.fptvds.vn/images/2022/10212298850334.jpg
10010447,Sữa bột hương vani Ensure Gold hộp 850g,sua-san-pham-tu-sua--c08,891300.0,ENSURE,https://ss-hn.fptvds.vn/images/2022/162428436069210010447-lon-nuoc-ngot-soda-cu-ga--evervess-lon-330ml-og.jpg
10010448,Sữa bột Abbott Ensure Gold hương vani hộp 400g,sua-san-pham-tu-sua--c08,429000.0,ENSURE,https://ss-hn.fptvds.vn/images/2022/162428436215410010448-lon-loc-6-lon-nuoc-ngot-soda-cu-ga--evervess-330ml-og.jpg
10010449,Sữa bột hương vani PediaSure lon  850g,sua-san-pham-tu-sua--c08,676300.0,PEDIASURE,https://ss-hn.fptvds.vn/images/2022/162427567694310010449-lon-bonh-que--pejoy--socola-39g-og.jpg
10010450,Sữa bột Pediasure hương vani 400g,sua-san-pham-tu-sua--c08,329000.0,PEDIASURE,https://ss-hn.fptvds.vn/images/2022/sua-bot-pediasure-huong-vani-400g-20221014063318-og.jpg
10010451,"Sữa bột Abbott PediaSure BA hương vani 1,6kg",sua-san-pham-tu-sua--c08,1139800.0,PEDIASURE,https://ss-hn.fptvds.vn/images/2022/162427567772510010451-lon-sua-bot-huong-vani-pedia-sure--850g-og.jpg
10010455,Sữa đặc có đường Ông Thọ Vinamilk lon 380g,sua-san-pham-tu-sua--c08,27800.0,ÔNG THỌ,"https://ss-hn.fptvds.vn/images/2022/162427588484110010455-hop-sua-dac-cu-duong-eng-tho-hop-1,284kg-og.jpg"
10010456,Kem đặc Ngôi Sao Phương Nam có đường lon 380g,sua-san-pham-tu-sua--c08,20600.0,NGÔI SAO PHƯƠNG NAM,"https://ss-hn.fptvds.vn/images/2022/162427603520810010456-hop-kem-dac-cu-duong-vinamilk-ngui-sao-phuong-nam-hop-1,284kg-og.jpg"
10010458,"Kem đặc có đường Vinamilk Ngôi Sao Phương Nam hộp 1,284kg",sua-san-pham-tu-sua--c08,69800.0,NGÔI SAO PHƯƠNG NAM,https://ss-hn.fptvds.vn/images/2022/162427603056810010458-hop-khan-uot-baby-100-to-khung-mui-nuna-og.jpg
10010459,Sữa đặc có đường Ông Thọ đỏ lon 380g,sua-san-pham-tu-sua--c08,26500.0,ÔNG THỌ,https://ss-hn.fptvds.vn/images/2022/162427588380810010459-hop-tyi-roc-tu-phon-huy-sinh-hoc-3-màu-opec-plastics-loai-dai-65-x-78-cm-tyi-1kg-og.jpg
10010460,Sữa đặc có đường Ông Thọ trắng lon 380g,sua-san-pham-tu-sua--c08,33500.0,ÔNG THỌ,https://ss-hn.fptvds.vn/images/2022/162427588248110010460-hop-tyi-roc-tu-phon-huy-sinh-hoc-opec-plastics-loai-tieu-45-x-55-cm-tyi-1kg-og.jpg
10010461,Sữa đặc Ông Thọ đỏ có đường vỉ 40g x 6 hộp,sua-san-pham-tu-sua--c08,27700.0,ÔNG THỌ,https://ss-hn.fptvds.vn/images/2022/162427588493110010461-g6-tyi-roc-tu-phon-huy-sinh-hoc-opec-plastics-loai-trung-55-x-65-cm-tyi-1kg-(nhieu-màu)-og.jpg
10010472,VINAMILK STT ADM hương dâu 180ml*4 T48,sua-san-pham-tu-sua--c08,31600.0,ADM,https://ss-hn.fptvds.vn/images/2022/8934673100526.jpg
10010474,VINAMILK Sữa TT ADM socola 180ml*4 T48,sua-san-pham-tu-sua--c08,31600.0,ADM,https://ss-hn.fptvds.vn/images/2022/qudf.png
10010475,VINAMILK Sữa TT ADM socola 110ml*4 T48,sua-san-pham-tu-sua--c08,20400.0,ADM,https://ss-hn.fptvds.vn/images/2022/qudf.png
10010476,VINAMILK STT ADM có đường 180ml*4 T48,sua-san-pham-tu-sua--c08,31600.0,ADM,https://ss-hn.fptvds.vn/images/2022/162427269072210010476-g4-loc-4-hop-sua-tuoi-toch-boo-khung-duong-vinamilk-180ml-og.jpg
10010477,VINAMILK STT ADM có đường 110ml*4 T48,sua-san-pham-tu-sua--c08,20400.0,ADM,https://ss-hn.fptvds.vn/images/2022/26758890553374-og.jpg
10010482,Sữa tiệt trùng Vinamilk Flex không đường hộp 1L,sua-san-pham-tu-sua--c08,35200.0,VINAMILK,https://ss-hn.fptvds.vn/images/2022/sua-tiet-trung-vinamilk-flex-khong-duong-hop-1l-20221007081231-og.jpg
10010483,VINAMILK Sữa tiệt trùng h.dâu 180ml*4,sua-san-pham-tu-sua--c08,33600.0,VINAMILK,https://ss-hn.fptvds.vn/images/2022/162427266625410010483-g4-sua-tiet-trung-vinamilk-huong-dou-gui-220ml-og.jpg
10010484,VINAMILK Sữa tiệt trùng h.dâu 110ml*4,sua-san-pham-tu-sua--c08,22600.0,VINAMILK,https://ss-hn.fptvds.vn/images/2022/loc-4-hop-sua-tuoi-tiet-trung-huong-dau-vinamilk-110ml-20221014061823-og.jpg
10010486,VINAMILK Sữa tiệt trùng socola 110ml*4,sua-san-pham-tu-sua--c08,22000.0,VINAMILK,https://ss-hn.fptvds.vn/images/2022/loc-4-hop-sua-tuoi-tiet-trung-so-co-la-vinamilk-110ml-20221014061824-og.jpg
10010488,Sữa tươi tiệt trùng ít đường Vinamilk hộp180ml ,sua-san-pham-tu-sua--c08,33600.0,VINAMILK,https://ss-hn.fptvds.vn/images/2022/162427267490610010488-g4-sua-thanh-trung-vinamilk-khung-duong-900ml-og.jpg
10010489,VINAMILK Sữa tiệt trùng có đường 110ml*4,sua-san-pham-tu-sua--c08,22000.0,VINAMILK,https://ss-hn.fptvds.vn/images/2022/sua-tuoi-tiet-trung-vinamilk-co-duong-loc-4-hop-x-110ml_9c5052c5-5224-4f9e-a9a3-1fe48fd0a42b-og.jpg
10010496,VINAMILK SCU Susu hương dâu hộp 110ml*4,sua-san-pham-tu-sua--c08,18700.0,VINAMILK,https://ss-hn.fptvds.vn/images/2022/162323061392710010496-g4-loc-4-chai-sua-chua-uong-vinamilk-susu-huong-dau-hop-110ml-og.jpg
10010497,VINAMILK SCU Susu hương cam hộp 110ml*4,sua-san-pham-tu-sua--c08,18700.0,VINAMILK,https://ss-hn.fptvds.vn/images/2022/162427269509210010497-g4-loc-6-chai-sua-chua-uong-vinamilk-susu-huong-dou-chai-80ml-og.jpg
10010531,Sữa bột NutiFood Grow Plus+ cho trẻ thấp còi 900g,sua-san-pham-tu-sua--c08,436100.0,NUTIFOOD,https://ss-hn.fptvds.vn/images/2022/16247515545630-og.jpg
10010540,Sữa bột nguyên kem có đường Vinamilk hộp 400g,sua-san-pham-tu-sua--c08,83900.0,VINAMILK,https://ss-hn.fptvds.vn/images/2022/sua-bot-nguyen-kem-co-duong-vinamilk-hop-400g.jpg
10010561,Sữa bột Glucerna SR Abbott 400g,sua-san-pham-tu-sua--c08,413500.0,GLUCERNA,https://ss-hn.fptvds.vn/images/2022/sua-bot-glucerna-sr-abbott-400g-20221014063246-og.jpg
10010562,Sữa bột Abbott Glucerna hương vani hộp 850g,sua-san-pham-tu-sua--c08,921000.0,GLUCERNA,https://ss-hn.fptvds.vn/images/2022/162428418873410010562-lon-godbawee-tao-bien-kim-chi-godbawee-gui-3-x-5g-og.jpg
10010564,MILO Sữa uống lúa mạch Nestlé 115ml,sua-san-pham-tu-sua--c08,20400.0,MILO,https://ss-hn.fptvds.vn/images/2022/162428194879310010564-g4-ngu-nep-tuoi-say-minh-duong-gui-160g-og.jpg
10010565,Thức uống lúa mạch uống liền Milo Nestlé hộp 180ml,sua-san-pham-tu-sua--c08,362600.0,MILO,https://ss-hn.fptvds.vn/images/2022/162428194786510010565-t-tiou-so-hat-phy-quoc-cu-nap-xay-minh-hà-hu-40g-og.jpg
10010598,OVALTINE Sữa uống l.mạch socola 110ml*4,sua-san-pham-tu-sua--c08,20000.0,OVALTINE,https://ss-hn.fptvds.vn/images/2022/162427578207810010598-g4-loc-4-hop-thuc-uong-lya-mach-vi-su-cu-la-ovaltine-180ml-og.jpg
10010601,Sữa đậu nành giàu đạm Goldsoy Vinamilk có đường hộp 1L,sua-san-pham-tu-sua--c08,30600.0,GOLDSOY,https://ss-hn.fptvds.vn/images/2022/sua-dau-nanh-giau-dam-goldsoy-vinamilk-co-duong-hop-1l_60d9faa6-6fed-4ab9-8908-ea039671b35b-og.jpg
10010602,Sữa đậu nành giàu đạm Goldsoy Vinamilk không đường hộp 1L,sua-san-pham-tu-sua--c08,30000.0,GOLDSOY,https://ss-hn.fptvds.vn/images/2022/sua-dau-nanh-giau-dam-goldsoy-vinamilk-khong-duong-hop-1l_5d6bc0bd-72c4-4d8e-99e0-1b0b96d32946-og.jpg
10010603,Sữa đậu nành nguyên chất Fami hộp 200ml,sua-san-pham-tu-sua--c08,160100.0,FAMI,https://ss-hn.fptvds.vn/images/2022/8934614015025_thung_fami_sua_dau_nanh_nguyen_chat_hop_200ml-removebg-preview.png
10010604,Sữa đậu nành Fami nguyên chất Vinasoy gói 200ml,sua-san-pham-tu-sua--c08,4100.0,FAMI,https://ss-hn.fptvds.vn/images/2022/8934614021644_fami_nguyen_chat_bich_200ml-removebg-preview.png
10010607,THTRUE MILK Sữa tươi TT ít đường 110ml*4,sua-san-pham-tu-sua--c08,25000.0,TH MILK,https://ss-hn.fptvds.vn/images/2022/162427310385310010607-g4-loc-4-hop-sua-tuoi-tiet-trung-th-true-milk-ot-duong-180ml-og.jpg
10010608,THTRUE MILK Sữa tươi TT socola 110ml*4,sua-san-pham-tu-sua--c08,25000.0,TH MILK,https://ss-hn.fptvds.vn/images/2022/162427309972310010608-g4-loc-4-hop-sua-tuoi-tiet-trung-su-cu-la-nguyon-chat-th-true-milk-180ml-og.jpg
10010609,THTRUE MILK Sữa tươi TT socola 180ml*4,sua-san-pham-tu-sua--c08,37200.0,TH MILK,https://ss-hn.fptvds.vn/images/2022/sua-tuoi-tiet-trung-so-co-la-nguyen-chat-th-true-milk-loc-4-hop-x-180ml_fe416cf5-7cae-4e66-8068-17dcf5d6ea95-og.jpg
10010610,THTRUE MILK Sữa t.trùng có đường 110ml*4,sua-san-pham-tu-sua--c08,25000.0,TH MILK,https://ss-hn.fptvds.vn/images/2022/sua-tiet-trung-th-true-milk-co-duong-loc-4-hop-x-110ml_9938ac4e-2259-4e51-986b-2c898c4f6361-og.jpg
10010611,THTRUE MILK Sữa tươi TT h. dâu 110ml*4,sua-san-pham-tu-sua--c08,25000.0,TH MILK,https://ss-hn.fptvds.vn/images/2022/162427310618910010611-g4-sua-tuoi-tiet-trung-th-true-milk-ot-duong-gui-220ml-og.jpg
10010612,Sữa tươi tiệt trùng nguyên chất TH True Milk hộp 180ml ,sua-san-pham-tu-sua--c08,446400.0,TH MILK,https://ss-hn.fptvds.vn/images/2022/162427310157710010612-t-thung-48-gui-sua-tuoi-tiet-trung-guyon-chat-th-true-milk-220ml-og.jpg
10010613,THTRUE MILK Sữa tươi TT ít đường 180ml*4,sua-san-pham-tu-sua--c08,436800.0,TH MILK,https://ss-hn.fptvds.vn/images/2022/162427310312510010613-t-sua-tuoi-tiet-trung-th-true-milk-ot-duong-hop-1-lot-og.jpg
10010615,THTRUE MILK Sữa t.trùng h. dâu 180ml*4,sua-san-pham-tu-sua--c08,37200.0,TH MILK,https://ss-hn.fptvds.vn/images/2022/sua-tuoi-tiet-trung-huong-dau-th-true-milk-loc-4-hop-x-180ml_29fc8ef3-524b-4602-8078-0f24bd7f36a7-og.jpg
10010635,Sữa tươi tiệt trùng ít béo Meadow Fresh hộp 1L,sua-san-pham-tu-sua--c08,53500.0,MEADOW FRESH,https://ss-hn.fptvds.vn/images/2022/162428208779310010635-hop--duui-heo-meatdeli-premium-(s)-og.jpg
10010636,Sữa tươi tiệt trùng Meadow Fresh giàu canxi hộp 1L,sua-san-pham-tu-sua--c08,63100.0,MEADOW FRESH,https://ss-hn.fptvds.vn/images/2022/sua-tuoi-tiet-trung-meadow-fresh-giau-canxi-hop-1l_ae6c698e-6a62-44ef-81f5-8540e14e37df-og.jpg
10010665, Sữa bột Nutifood En Plus Gold lon 900g,sua-san-pham-tu-sua--c08,494100.0,NUTIFOOD,https://ss-hn.fptvds.vn/images/2022/sua-bot-nutifood-en-plus-gold-lon-900g-20221014061854-og.jpg
10010693,Sữa bột NuCalci Gold NutiFood lon 800g,sua-san-pham-tu-sua--c08,272100.0,NUTIFOOD,https://ss-hn.fptvds.vn/images/2022/sua-bot-nucalci-gold-nutifood-lon-800g-20221014061854-og.jpg
10010744,Sữa bột Vinamilk nguyên kem có đường lon 900g,sua-san-pham-tu-sua--c08,207000.0,VINAMILK,https://ss-hn.fptvds.vn/images/2022/sua-bot-vinamilk-nguyen-kem-co-duong-lon-900g.jpg
10010803,Sữa đặc có đường Vinamilk Ông Thọ 380g,sua-san-pham-tu-sua--c08,22700.0,ÔNG THỌ,https://ss-hn.fptvds.vn/images/2022/sua-dac-co-duong-vinamilk-ong-tho-380g.jpg
10010855,"Sữa đặc có đường Ông Thọ hộp 1,284kg",sua-san-pham-tu-sua--c08,80400.0,ÔNG THỌ,https://ss-hn.fptvds.vn/images/2022/162427588179210010855-hop-tyi-dung-roc-sinh-hoc-tu-huy-opec-plastics-65cm-x-55cm-tyi-1kg-og.jpg
10011170,Sữa tươi hương vani Ensure Gold Vigor chai 237ml,sua-san-pham-tu-sua--c08,56700.0,ENSURE,https://ss-hn.fptvds.vn/images/2022/162428435537310011170-cha-mut-dua-every-home-lo-240g-og.jpg
10056250,Sữa thanh trùng dâu tây tươi Dalat Milk hộp 180ml,sua-san-pham-tu-sua--c08,12500.0,ĐÀ LẠT MILK,https://ss-hn.fptvds.vn/images/2022/sua-thanh-trung-dau-tay-tuoi-dalat-milk-hop-180ml_53f9e13b-f50e-428f-a337-06e13c247e8c-og.jpg
10056439,Kem sữa Elle&Vire vani hộp 100g,sua-san-pham-tu-sua--c08,20600.0,ELLE&VIRE,https://ss-hn.fptvds.vn/images/2022/162428439338310056439-hop-chao-inox-doy-lien-thon-2-lop-elmich-tri-max-24cm-og.jpg
10060708,NUTIFOOD Sữa đậu nành canxi 200ml*6 T36,sua-san-pham-tu-sua--c08,27500.0,NUTIFOOD,https://ss-hn.fptvds.vn/images/2022/sua-dau-nanh-canxi-nuti-loc-6-hop-x-200ml_44c188a6-56c1-4106-8c37-30478a5bb4cf-og.jpg
10060740,Phô mai Con Bò Cười Light hộp 120g,sua-san-pham-tu-sua--c08,36400.0,CON BÒ CƯỜI,https://ss-hn.fptvds.vn/images/2022/162428504283310060740-hop-bia-corona-extra-chai-355ml-og.jpg
10060760,Sữa đậu nành nguyên chất NutiFood túi 200ml,sua-san-pham-tu-sua--c08,3900.0,NUTIFOOD,https://ss-hn.fptvds.vn/images/2022/sua-dau-nanh-nguyen-chat-nutifood-tui-200ml_33e922f2-b2a7-42da-b14b-6aa1d8b2fdc8-og.jpg
10060761,NUTIFOOD Sữa đậu nành n.chất 200ml*6 T36,sua-san-pham-tu-sua--c08,27500.0,NUTIFOOD,https://ss-hn.fptvds.vn/images/2022/sua-dau-nanh-nutifood-nguyen-chat-6-hop-x-200ml_cb7a5cd8-9150-45af-a166-cb1fb23d453f-og.jpg
10086502,Sữa chua lựu đỏ Vinamilk hộp 100g,sua-san-pham-tu-sua--c08,7900.0,VINAMILK,https://ss-hn.fptvds.vn/images/2022/vinamilk-sua-chua-an-luu-do-100g_94f82f51-8119-4949-96e6-60c158748cb1-og.jpg
10130987, Lốc 4 hộp sữa hạt và gấc TH true NUT 180ml,sua-san-pham-tu-sua--c08,54100.0,TH TRUE NUT,https://ss-hn.fptvds.vn/images/2022/loc-4-hop-sua-hat-va-gac-th-true-nut-180ml_40d8697e-81c4-4d13-96e5-b6617bf0a612-og.jpg
10130992,Lốc 4 hộp sữa Ovaltine DHA Plus 180ml,sua-san-pham-tu-sua--c08,34500.0,OVALTINE,https://ss-hn.fptvds.vn/images/2022/162427578290410130992-g4-thung-48-hop-thuc-uong-lya-mach-ovaltine-110ml-og.jpg
10141113,Sữa Đặc Có Đường Ông Thọ Đỏ Tuýp 165g,sua-san-pham-tu-sua--c08,21900.0,VINAMILK,https://ss-hn.fptvds.vn/images/2022/162427179787510141113-hop-sua-dac-cu-duong-eng-tho-do-tuyp-165g-og.jpg
10141579,Creamer đặc sữa pha chế Nutimilk lon 380g,sua-san-pham-tu-sua--c08,20300.0,NUTIFOOD,https://ss-hn.fptvds.vn/images/2022/nutimilkcreamer-dacsua-phache-lon380gt48_1f5de3e8-4cda-469d-9f36-282b060edef6-og.jpg
10141581,Creamer đặc sữa pha chế Nutimilk hộp 1284g,sua-san-pham-tu-sua--c08,67100.0,NUTIFOOD,https://ss-hn.fptvds.vn/images/2022/creamer-dac-sua-pha-che-nutimilk-hop-1284g_6be0c4ed-045e-4d98-ab52-da915af848ae-og.jpg
10141648,Lon Ensure Gold Green Health Đạm thực vật  850g,sua-san-pham-tu-sua--c08,947300.0,ENSURE,https://ss-hn.fptvds.vn/images/2022/ensure-gold-sb-dam-thuc-vat-850g_970db943-d96d-4b2b-99bd-48f27d9f7104-og.jpg
10141678,Thực phẩm bổ sung Anlene gold 3X hương vani 440g,sua-san-pham-tu-sua--c08,210700.0,ANLENE,https://ss-hn.fptvds.vn/images/2022/thuc-pham-bo-sung-anlene-gold-3x-huong-vani-440g-20221014063210-og.jpg
10141711,Thực phẩm bổ sung  Anlene gold 3X hương vani 800g,sua-san-pham-tu-sua--c08,408100.0,ANLENE,https://ss-hn.fptvds.vn/images/2022/thuc-pham-bo-sung-anlene-gold-3x-huong-vani-800g-20221007081039-og.jpg
10141713,Thực phẩm bổ sung  Anlene gold 5X hương vani 400g,sua-san-pham-tu-sua--c08,265100.0,ANLENE,https://ss-hn.fptvds.vn/images/2022/thuc-pham-bo-sung-anlene-gold-5x-huong-vani-400g.jpeg
10141714,Sữa Anlene Gold hương Vani 5x 800g,sua-san-pham-tu-sua--c08,499000.0,ANLENE,https://ss-hn.fptvds.vn/images/2022/sua-anlene-gold-huong-vani-5x-800g-20221007081002-og.jpg
10162109,Phô mai Mozzarella lát Lactima 200g,sua-san-pham-tu-sua--c08,59100.0,LACTIMA,https://ss-hn.fptvds.vn/images/2022/pho-mai-mozzarella-lat-lactima-200g.jpg
10162111,Phô mai lát Lactima Cheddar 200g,sua-san-pham-tu-sua--c08,57100.0,LACTIMA,https://ss-hn.fptvds.vn/images/2022/pho-mai-lat-lactima-cheddar-200g.jpg
10170032,Sữa tiệt trùng Avonmore nguyên kem 1L,sua-san-pham-tu-sua--c08,60000.0,AVONMORRE,https://ss-hn.fptvds.vn/images/2022/avonmorre-sua-tiet-trung-nguyen-kem-1l_a448bf42-72d7-415b-ab4c-1f7ca46a75f3-og.jpg
10170033,Sữa tiệt trùng ít béo Avonmore hộp 1L,sua-san-pham-tu-sua--c08,60000.0,AVONMORRE,https://ss-hn.fptvds.vn/images/2022/162428578352710170033-hop-ba-chi-bu-cat-lot-new-zealand-khay-475g-og.jpg
10170068,Lốc 4 hộp sữa Nước Nestle hương dâu trắng 180ml,sua-san-pham-tu-sua--c08,31600.0,NESTLE,https://ss-hn.fptvds.vn/images/2022/loc-4-hop-sua-nuoc-nestle-huong-dau-trang-180ml_ae6dd0c7-7d0a-448e-8d0d-4f3ba557719e-og.jpg
10170145,Sữa chua uống LIF KUN hương Nho túi 110ml,sua-san-pham-tu-sua--c08,134500.0,KUN,https://ss-hn.fptvds.vn/images/2022/162428239375110170145-t-thung-24-gui-sua-chua-uong-lifkun-kem-dou-110ml-og.jpg
10170148,Sữa tươi tiệt trùng Avonmore không béo 1L,sua-san-pham-tu-sua--c08,52100.0,AVONMORRE,https://ss-hn.fptvds.vn/images/2022/162428578863210170148-hop--nuoc-tay-trang-axo-800ml-og.jpg
10170149,AVONMORE Sữa TTT nguyên kem 200ml,sua-san-pham-tu-sua--c08,36100.0,AVONMORRE,https://ss-hn.fptvds.vn/images/2022/loc-3-hop-sua-tuoi-tiet-trung-avonmore-nguyen-kem-200ml_69a41093-e4c1-4a49-9e94-4a3cccd1826b-og.jpg
10170150,AVONMORE Sữa TTT ít béo 200ml,sua-san-pham-tu-sua--c08,36100.0,AVONMORRE,https://ss-hn.fptvds.vn/images/2022/5011056023214.jpg
10170151,Lốc 4 hộp sữa chua ăn Meiji nguyên chất 90g,sua-san-pham-tu-sua--c08,55600.0,MEIJI,https://ss-hn.fptvds.vn/images/2022/meiji-sca-nguyen-chat-90g_b39a57f0-b97b-4d4b-91b5-7bd74526f95d-og.png
10170152,Lốc 4 hộp sữa chua ăn Meiji dâu tây 90g,sua-san-pham-tu-sua--c08,55600.0,MEIJI,https://ss-hn.fptvds.vn/images/2022/meiji-sca-dau-tay-90g_24a2be3d-37b1-4d04-86df-ead82e909773-og.jpg
10170173,VINAMILK SCU ProbiGold mật ong&nghệ130ml,sua-san-pham-tu-sua--c08,42700.0,VINAMILK,https://ss-hn.fptvds.vn/images/2022/162427275605410170173-g4-loc-6-chai-sua-chua-uong-vinamilk-susu-huong-cam--80ml-og.jpg
10170175,Sữa Ichiban  đậu nành & đậu đỏ & đậu xanh 350ml,sua-san-pham-tu-sua--c08,17100.0,ICHIBAN,https://ss-hn.fptvds.vn/images/2022/162428352221810170175-g1-ba-chi-bu-my-icook-khay-300g-og.jpg
10170188,Phô mai hun khói Solse sợi dê gói 100g,sua-san-pham-tu-sua--c08,77600.0,SOLSE,https://ss-hn.fptvds.vn/images/2022/phomai-day-xong-khoi-solse-de-100g.jpg
10170191, Lốc 4 hộp sữa hạt và gạo lứt đỏ TH true NUT 180ml,sua-san-pham-tu-sua--c08,54500.0,TH TRUE NUT,https://ss-hn.fptvds.vn/images/2022/loc-4-hop-sua-hat-va-gao-lut-do-th-true-nut-180ml_166f6a38-2f72-4f00-84e0-7967f262238d-og.png
10170256,Sữa lúa mạch ngũ cốc Milo bữa sáng hộp 200ml,sua-san-pham-tu-sua--c08,11000.0,MILO,https://ss-hn.fptvds.vn/images/2022/162428195371210170256-hop-thuc-uong-bo-duong lya-mach-milo active-go nestlo thung-48-hop-x-115ml-og.jpg
10170273,Sữa chua uống Nestle Yogu tổ yến gói 85ml,sua-san-pham-tu-sua--c08,6400.0,NESTLE,"https://ss-hn.fptvds.vn/images/2022/162428159202310170273-g1-nuoc-giat-net-huong-hoa-thion-nhion-3,6-kg-og.jpg"
10170354,Lốc 4 hộp Sữa trái cây hero vị dâu 110ml,sua-san-pham-tu-sua--c08,17700.0,HERO,https://ss-hn.fptvds.vn/images/2022/loc-4-hop-sua-trai-cay-hero-vi-dau-110ml_c368769d-af90-4694-b4ea-c7c8416584a8-og.jpg
10170355,Lốc 4 hộp Sữa trái cây hero vị cam 110ml,sua-san-pham-tu-sua--c08,17700.0,HERO,https://ss-hn.fptvds.vn/images/2022/loc-4-hop-sua-trai-cay-hero-vi-cam-110ml_109b2e57-45a0-4516-93c5-408cc51df65c-og.jpg
10170356," Sữa đậu nành, đậu đỏ, đậu xanh ICHIBAN 800ml ",sua-san-pham-tu-sua--c08,30600.0,ICHIBAN,https://ss-hn.fptvds.vn/images/2022/sua-dau-nanh-dau-do-dau-xanh-ichiban-800ml-_8dc0d4a4-75ad-4de2-b16b-392d5bbf1ae1-og.jpg
10170357, Kem sữa Whipping cream   AVonMorehộp 1L,sua-san-pham-tu-sua--c08,145100.0,AVONMORRE,https://ss-hn.fptvds.vn/images/2022/avonmore-kem-sua-whipping-cream-1l_ab2c4321-1b7a-42f1-bea9-9959529fd699-og.jpg
10170362,Sữa chua Hy Lạp Farmers Union tăng cường protein hộp 500g,sua-san-pham-tu-sua--c08,145600.0,FAMERS UNION,https://ss-hn.fptvds.vn/images/2022/sua-chua-hy-lap-farmers-union-tang-cuong-protein-hop-500g_b01fe088-ee3d-4a8f-b8a5-96cb8b6f0756-og.jpg
10170363,Sữa chua Hy Lạp  Famers UnionVị tự nhiên hộp 1kg,sua-san-pham-tu-sua--c08,210100.0,FAMERS UNION,https://ss-hn.fptvds.vn/images/2022/famers-union-sc-hy-lap-nc-vi-tu-nhien1kg_8755f819-9ec5-4384-8607-6c098ca01af0-og.jpg
10170364,Sữa uống lên men hương dâu Betagen chai 700ml,sua-san-pham-tu-sua--c08,43700.0,BETAGEN,https://ss-hn.fptvds.vn/images/2022/162428567351110170364-cha-bo-do-dài-og.jpg
10170365,Lốc 6 chai sữa chua uống đào tiên Fristi 80ml,sua-san-pham-tu-sua--c08,25800.0,FRISTI,https://ss-hn.fptvds.vn/images/2022/162428427291510170365-g6-trà-chanh-voi-sa-fuzetea-+-450ml-og.jpg
10170409,VINAMILK STTT chứa tổ yến 180ml,sua-san-pham-tu-sua--c08,54700.0,VINAMILK,https://ss-hn.fptvds.vn/images/2022/30c9162f-6687-41a5-a198-806c647d1438_20210827074245-og.jpg
10170415,Sữa chua lên men tự nhiên Yomost cam hộp 1L,sua-san-pham-tu-sua--c08,40700.0,YOMOST,https://ss-hn.fptvds.vn/images/2022/yomost-sua-chua-len-men-tn-cam-1l-12_0d348abb-351c-4f31-a41c-1cb5af488b68-og.jpg
10170422,Sữa chua Hoff vị nguyên bản vỉ 4 hộp 55g,sua-san-pham-tu-sua--c08,42800.0,HOFF,https://ss-hn.fptvds.vn/images/2022/sua-chua-hoff-vi-nguyen-ban-vi-4-hop-55g_1f754a1d-1ee2-48b5-b4ef-af37ad008430-og.jpg
10170423,Sữa chua hoa quả Hoff vị dâu tây vỉ 4 hộp 55g,sua-san-pham-tu-sua--c08,42800.0,HOFF,https://ss-hn.fptvds.vn/images/2022/sua-chua-hoa-qua-hoff-vi-dau-tay-vi-4-hop-55g_743b0753-ec25-4c17-adc5-fda21575bfa5-og.jpg
10170424, Sữa chua hoa quả Hoff vị táo vỉ 4 hộp 55g,sua-san-pham-tu-sua--c08,42800.0,HOFF,https://ss-hn.fptvds.vn/images/2022/sua-chua-hoa-qua-hoff-vi-tao-vi-4-hop-55g_e650a2c4-f6c4-43fd-90f1-8031fee24ce9-og.jpg
10170425,Sữa chua hoa quả Hoff vị chuối vỉ 4 hộp 55g,sua-san-pham-tu-sua--c08,42800.0,HOFF,https://ss-hn.fptvds.vn/images/2022/sua-chua-hoa-qua-hoff-vi-chuoi-vi-4-hop-55g_479d1851-e8b9-4707-a28a-46a782413797-og.jpg
10170468,Lốc 4 hộp sữa tươi tiệt trùng ít đường Dalat milk 110ml,sua-san-pham-tu-sua--c08,22900.0,TH MILK,https://ss-hn.fptvds.vn/images/2022/loc-4-hop-sua-tuoi-tiet-trung-it-duong-dalat-milk-110ml_33f5a516-8973-424d-ac47-7fb19918844a-og.jpg
10170469,Lốc 4 hộp sữa tươi tiệt trùng có đường Dalat Milk 110ml,sua-san-pham-tu-sua--c08,22900.0,TH MILK,https://ss-hn.fptvds.vn/images/2022/loc-4-hop-sua-tuoi-tiet-trung-co-duong-dalat-milk-110ml_8f3f43a2-eba3-49a9-ba55-0acc9577d297-og.jpg
10170470,Sữa tươi tiệt trùng DALATMILK ít đường 220ml,sua-san-pham-tu-sua--c08,8700.0,TH MILK,https://ss-hn.fptvds.vn/images/2022/162428485483310170470-g1--troi-coy-say-dann-food-gui-70g-og.jpg
10170471,Sữa tươi tiệt trùng Dalatmilk có đường 220ml,sua-san-pham-tu-sua--c08,8800.0,TH MILK,https://ss-hn.fptvds.vn/images/2022/sua-tuoi-tiet-trung-dalatmilk-co-duong-220ml.jpg
10170472,Lốc 4 hộp sữa tươi tiệt trùng ít đường Dalat Milk hộp 180ml,sua-san-pham-tu-sua--c08,35300.0,TH MILK,https://ss-hn.fptvds.vn/images/2022/loc-4-hop-sua-tuoi-tiet-trung-it-duong-dalat-milk-hop-180ml_892765fc-ac55-445f-8318-65cc0a2fa51b-og.jpg
10170473,Lốc 4 hộp sữa tươi tiệt trùng DALATMILK có đường 180ml,sua-san-pham-tu-sua--c08,35300.0,TH MILK,https://ss-hn.fptvds.vn/images/2022/162428485624210170473-g4-cu-sen-say-dann-food-lo-70g-og.jpg
10170475,Lốc 4 hộp sữa tươi tiệt trùng nguyên chất THtrue Milk 110ml,sua-san-pham-tu-sua--c08,25000.0,TH MILK,https://ss-hn.fptvds.vn/images/2022/loc-4-hop-sua-tuoi-tiet-trung-nguyen-chat-thtrue-milk-110ml_239561db-b856-4a7e-adc9-8d609fb8e1a5-og.jpg
10170491, Phô mai Con Bò Cười 8M 112g,sua-san-pham-tu-sua--c08,36400.0,CON BÒ CƯỜI,https://ss-hn.fptvds.vn/images/2022/663532ff-dc06-40a5-abe3-7df22c446d6d_20210827073457-og.jpg
10170492,Phô Mai Con Bò Cười  16 miếng  224g,sua-san-pham-tu-sua--c08,65400.0,CON BÒ CƯỜI,https://ss-hn.fptvds.vn/images/2022/162428505072210170492-hop-phu-mai-chóm-bánh--con-bò-cuoi-cheez-dippers-gói-35g-og.jpg
10170494,VNM STTT có đường Green farm 100% 110ml,sua-san-pham-tu-sua--c08,25300.0,VINAMILK,https://ss-hn.fptvds.vn/images/2022/162427179693610170494-g4-loc-4-hop-sua-tuoi-tiet-trung-cu-duong-vinamilk-green-farm-110ml-og.jpg
10170495,Sữa tươi tiệt trùng có đường Vinamilk Green Farm 180ml,sua-san-pham-tu-sua--c08,37900.0,VINAMILK,https://ss-hn.fptvds.vn/images/2022/162427179648710170495-g4-loc-4-hop-sua-tuoi-tiet-trung-cu-duong-vinamilk-green-farm-180ml-og.jpg
10170496,VNM STTT ít đường Green farm 100% 110ml,sua-san-pham-tu-sua--c08,25300.0,VINAMILK,https://ss-hn.fptvds.vn/images/2022/162427179578410170496-g4-loc-4-hop-sua-tuoi-tiet-trung-ot-duong-vinamilk-green-farm-110ml-og.jpg
10170498,Sữa gạo hạt phỉ Natrue hộp 1L,sua-san-pham-tu-sua--c08,90100.0,NATRUE,https://ss-hn.fptvds.vn/images/2022/sua-gao-hat-phi-natrue-hop-1l_27a10041-6334-42da-8116-8cc12a519a9f-og.jpg
10170502,Sữa yến mạch hạnh nhân Natrue hộp 1L,sua-san-pham-tu-sua--c08,86100.0,NATRUE,https://ss-hn.fptvds.vn/images/2022/sua-yen-mach-hanh-nhan-natrue-hop-1l_d9a23e6c-6e83-4202-8733-232c4eac9a60-og.jpg
10181064,Sữa bột Gold hương cà phê Ensure lon  850g,sua-san-pham-tu-sua--c08,891300.0,ENSURE,https://ss-hn.fptvds.vn/images/2022/ensure-sua-bot-gold-huong-ca-phe-850g_f69a7729-d8aa-47d4-a91f-3249ff30c394-og.jpg
10194688, Phô mai Belcube ngọt vị Vani 78gx15C,sua-san-pham-tu-sua--c08,44600.0,CON BÒ CƯỜI,https://ss-hn.fptvds.vn/images/2023/03/pho-mai-belcube-ngot-vi-vani-78gx15c-20230323043753.png
10194689,Phô mai Belcube ngọt vị Dâu 78g x15C,sua-san-pham-tu-sua--c08,44600.0,CON BÒ CƯỜI,https://ss-hn.fptvds.vn/images/2022/cbc-pho-mai-belcube-ngot-vi-dau-78gx15c_ed49dcef-1377-4352-93f9-a57470e99b9e-og.jpg
10194690,Phô mai Belcube ngọt vị Socola 78gx15C,sua-san-pham-tu-sua--c08,44600.0,CON BÒ CƯỜI,https://ss-hn.fptvds.vn/images/2023/03/pho-mai-belcube-ngot-vi-socola-78gx15c-20230323043953.png
10194693,Lốc 4 hộp Sữa chua uống Nuvi dâu ép 180ml,sua-san-pham-tu-sua--c08,29100.0,NUTIFOOD,https://ss-hn.fptvds.vn/images/2022/162427598226610194693-g4-yen-mach-oatta-troi-coy-300g-og.jpg
10194699,Lốc 4 hộp sữa Nuvi lắc trái cây nhiệt đới 180ml,sua-san-pham-tu-sua--c08,29100.0,NUTIFOOD,https://ss-hn.fptvds.vn/images/2022/loc-4-hop-sua-nuvi-lac-trai-cay-nhiet-doi-180ml_bf44fff9-8aef-44c1-99b4-d4a8983a85f6-og.jpg
10194701,Lốc 4 hộp sữa lúa mạch cacao NUVI có thạch 170ml,sua-san-pham-tu-sua--c08,32600.0,NUTIFOOD,https://ss-hn.fptvds.vn/images/2022/nuvi-sua-lua-mach-cacao-co-thach-170ml_912647d5-7b08-4319-96ac-4937fe400599-og.jpg
10194794,PROMESS Sữa tươi tiệt trùng Dâu 200ml*3,sua-san-pham-tu-sua--c08,45100.0,PROMESS,https://ss-hn.fptvds.vn/images/2022/sua-tuoi-tiet-trung-dau-promess-hop-200ml-3-sua-tuoi-tiet-trung-dau-promess-hop-200ml_fef61c08-ddbc-4fbe-9a1c-1ca2c53eb75a-og.jpg
10194795,PROMESS Sữa tươi tiệt trùng Chuối200ml*3,sua-san-pham-tu-sua--c08,45100.0,PROMESS,https://ss-hn.fptvds.vn/images/2022/sua-tuoi-tiet-trung-chuoi-promess-hop-200ml-3-sua-tuoi-tiet-trung-chuoi-promess-hop-200ml_13ba78b4-60ec-4595-819b-b67e04e79435-og.jpg
10194798,Sữa tiệt trùng tự nhiên Dalatmilk 220ml,sua-san-pham-tu-sua--c08,8700.0,TH MILK,https://ss-hn.fptvds.vn/images/2022/sua-tiet-trung-tu-nhien-dalatmilk-220ml.jpg
10194799,DALATMILK sữa tiệt trùng v.tựnhiên 180ml,sua-san-pham-tu-sua--c08,35900.0,TH MILK,https://ss-hn.fptvds.vn/images/2022/loc-4-sua-tuoi-tiet-trung-dalat-milk-khong-duong-vi-tu-nhien-hop-180ml_3d26c6e8-bd83-4a09-8aed-c61c3ef82965-og.jpg
10194801,Sữa chua uống THMilk có đường 180ml,sua-san-pham-tu-sua--c08,10100.0,TH MILK,https://ss-hn.fptvds.vn/images/2022/sua-chua-uong-thmilk-co-duong-180ml.jpg
10194802,Sữa chua uống TH Milk dâu chai 180ml,sua-san-pham-tu-sua--c08,10100.0,TH MILK,https://ss-hn.fptvds.vn/images/2022/162443656626310194802-cha--sua-chua-uong-dau--th-true-milk-chai-180ml-og.jpg
10194803,Sữa chua ăn THMilk chanh dây 100g,sua-san-pham-tu-sua--c08,8700.0,TH MILK,https://ss-hn.fptvds.vn/images/2022/sua-chua-an-thmilk-chanh-day-100g.jpg
10194926,Sữa chua ăn LoveYogurt Trân Châu Đường Đen hộp 100g ,sua-san-pham-tu-sua--c08,9500.0,VINAMILK,https://ss-hn.fptvds.vn/images/2022/8934673500432_c6595757-fa6f-4708-a561-a8d222b511a4-og.jpg
10195011,Sữa Chua Uống Susu Hương Cam  gói 110ml,sua-san-pham-tu-sua--c08,5300.0,VINAMILK,https://ss-hn.fptvds.vn/images/2022/10195011_08923664-7fbf-4c0a-949a-ef41e5a8e6f7-og.jpg
10195012,Sữa chua Vinamilk Susu hương dâu túi 110ml,sua-san-pham-tu-sua--c08,5300.0,VINAMILK,https://ss-hn.fptvds.vn/images/2022/8934673300582_53925c5e-f5d9-485e-9960-d84c295bfd32-og.jpg
10195013,Lốc 4 hộp Sữa trái cây HERO hương kẹo nho 110ml,sua-san-pham-tu-sua--c08,17700.0,VINAMILK,https://ss-hn.fptvds.vn/images/2022/loc-4-hop-sua-trai-cay-hero-huong-keo-nho-110ml_6ce816f6-2a44-4775-84fe-8a88e2a80f86-og.jpg
10195048,Lốc 6 hộp sữa đậu nành Fami sữa dừa 200ml,sua-san-pham-tu-sua--c08,29900.0,FAMI,https://ss-hn.fptvds.vn/images/2022/8934614030844_fami_nguyen_chat_vi_sua_dua_hop_200ml-removebg-preview.png
10195049,Lốc 6 hộp sữa đậu nành vị đường đen Fami 200ml,sua-san-pham-tu-sua--c08,29900.0,FAMI,https://ss-hn.fptvds.vn/images/2022/fami-sua-dau-nanh-vi-duong-d-200ml-6-36t_de092f03-5e71-4330-a448-b14a98c72f36-og.jpg
10195090,Sữa chua uống đào táo Nuvi túi 110ml,sua-san-pham-tu-sua--c08,5000.0,NUTIFOOD,https://ss-hn.fptvds.vn/images/2022/sua-chua-uong-dao-tao-nuvi-tui-110ml_65d3ad56-b79c-49b8-9f7a-767a848589b4-og.jpg
10195093,Sữa lúa mạch lắc cacao Nuvi  túi 110ml,sua-san-pham-tu-sua--c08,5000.0,NUTIFOOD,https://ss-hn.fptvds.vn/images/2022/sua-lua-mach-lac-cacao-nuvi-tui-110ml_2c41f50b-6c7b-4ee1-8b3c-1810f005f2b4-og.jpg
10195094,Sữa tươi tiệt trùng Nutimilk100 có đường 220ml,sua-san-pham-tu-sua--c08,7600.0,NUTIFOOD,https://ss-hn.fptvds.vn/images/2022/10195094.jpg
10195095,Sữa tươi tiệt trùng Nutimilk100 ít đường 220ml,sua-san-pham-tu-sua--c08,7600.0,NUTIFOOD,https://ss-hn.fptvds.vn/images/2022/10195095.jpg
10195209,Sữa tươi tiệt trùng PROMESS VITAMIN hộp 1L,sua-san-pham-tu-sua--c08,46100.0,PROMESS,https://ss-hn.fptvds.vn/images/2022/promess-sua-tuoi-tiet-trung-vitamin-1l_709670bd-37e9-4f57-965e-fbdb1ad40ef7-og.jpg
10195213,Lốc 4 hộp nước uống sữa trái cây vị cam Vinamilk Hero 180ml,sua-san-pham-tu-sua--c08,26800.0,HERO,https://ss-hn.fptvds.vn/images/2022/10195213_dab33c2a-208c-49c3-becb-9790462e0422-og.jpg
10195214,Lốc 4 nước uống sữa trái cây hương kẹo nho Vinamilk Hero 180ml,sua-san-pham-tu-sua--c08,26800.0,HERO,https://ss-hn.fptvds.vn/images/2022/10195214_53e3fc95-b07e-436f-b830-11656707c160-og.jpg
10195823,Lốc 4 sữa đậu nành tươi vinamilk gấp đôi canxi 180ml,sua-san-pham-tu-sua--c08,22700.0,VINAMILK,https://ss-hn.fptvds.vn/images/2022/loc-4-hop-sua-dau-nanh-vinamilk-tuoi-180ml.jpg
10195877,Lốc 4 hộp sữa chua lên men tự nhiên vị việt quất sữa Fristi 100ml,sua-san-pham-tu-sua--c08,17900.0,FRISTI,https://ss-hn.fptvds.vn/images/2022/loc-4-hop-sua-chua-len-men-tu-nhien-vi-viet-quat-sua-fristi-100ml_d2d6b0d1-87bd-4f93-926e-2f21a098f4a8-og.jpg
10195878,Lốc 4 hộp sữa chua Fristi vị cam sữa 100ml,sua-san-pham-tu-sua--c08,17900.0,FRISTI,https://ss-hn.fptvds.vn/images/2022/thuc-uong-tu-sua-chua-vi-cam-dutch-lady-loc-4-hop-x-110ml_bc7feabf-2a79-4e6d-befe-f2a9a4f445ae-og.jpg
10196197,Lốc 6 sữa đậu nành canxi vị socola Fami 200ml,sua-san-pham-tu-sua--c08,32500.0,FAMI,https://ss-hn.fptvds.vn/images/2022/8934614031216-fami_canxi_socola_hop_200ml-removebg-preview.png
10196198,Lốc 6 hộp sữa đậu nành canxi plus Fami 200ml,sua-san-pham-tu-sua--c08,37700.0,FAMI,https://ss-hn.fptvds.vn/images/2022/8934614031131_fami_canxi_plus_nguyen_vi_hop_200ml-removebg-preview.png
10196199,Lốc 6 sữa đậu nành canxi plus hồng trà Fami 200ml,sua-san-pham-tu-sua--c08,37700.0,FAMI,https://ss-hn.fptvds.vn/images/2022/loc-6-sua-dau-nanh-canxi-plus-hong-tra-fami-200ml.jpg
10196200,Lốc 8 hộp sữa lúa mạch Nestle Milo 180ml,sua-san-pham-tu-sua--c08,59300.0,MILO,https://ss-hn.fptvds.vn/images/2022/loc-8-hop-sua-lua-mach-nestle-milo-180ml.jpg
10196201,Lốc 4 váng sữa non Hoff 55g,sua-san-pham-tu-sua--c08,76400.0,HOFF,https://ss-hn.fptvds.vn/images/2022/loc-4-vang-sua-non-hoff-55g.jpg
10196202,Lốc 4 váng sữa hạt óc chó Hoff 55g,sua-san-pham-tu-sua--c08,76400.0,HOFF,https://ss-hn.fptvds.vn/images/2022/loc-4-vang-sua-hat-oc-cho-hoff-55g.jpg
10196203,Sữa đậu nành Sahmyook dưa lưới 190ml,sua-san-pham-tu-sua--c08,18400.0,SAHMYOOK,https://ss-hn.fptvds.vn/images/2022/sua-dau-nanh-sahmyook-dua-luoi-190ml.jpg
10225137,Lốc 4 hộp váng sữa uống hương sô cô la Zott Monte chai 95ml,sua-san-pham-tu-sua--c08,56100.0,ZOTT,https://ss-hn.fptvds.vn/images/2022/vang-sua-uong-huong-so-co-la-zott-monte-loc-4-chai-x-95ml_0733cc4b-1430-4eee-870d-afb519d2bcf1-og.jpg
10225741,Sữa chua uống Đà Lạt Milk có đường 500ml,sua-san-pham-tu-sua--c08,30600.0,ĐÀ LẠT MILK,https://ss-hn.fptvds.vn/images/2022/sua-chua-uong-da-lat-milk-co-duong-500ml_bf05451f-1675-4dc0-b086-cfecb3a7f485-og.jpg
10225777,Sữa chua uống DALATMILK hương dâu 500ml,sua-san-pham-tu-sua--c08,32100.0,ĐÀ LẠT MILK,https://ss-hn.fptvds.vn/images/2022/162428486081110225777-cha-loc-4-hop--sua-tiet-trung-cu-duong-dalat-milk-cu-duong-180ml-og.jpg
10229362,Sữa chua uống thanh trùng Topkid TH MILK hương vani 60g,sua-san-pham-tu-sua--c08,6400.0,TH MILK,https://ss-hn.fptvds.vn/images/2022/12988294299678-og.jpg
10229363,Sữa chua ăn TH Milk topkid chuối lúa mạch 60g,sua-san-pham-tu-sua--c08,6500.0,TH MILK,https://ss-hn.fptvds.vn/images/2022/sua-chua-an-th-milk-topkid-chuoi-lua-mach-60g-20221014063330-og.jpg
10230264,Sữa Yaourt Long Thành chai 490ml,sua-san-pham-tu-sua--c08,32000.0,LOTHAMILK,https://ss-hn.fptvds.vn/images/2022/162428227588610230264-hop-sua-thanh-trung-khung--duong--lothamilk--490ml-og.jpg
10230269,Sữa chua uống Yaourt Lothamilk chai 180ml,sua-san-pham-tu-sua--c08,14800.0,LOTHAMILK,https://ss-hn.fptvds.vn/images/2022/162428227684810230269-hop-sua-thanh-trung-cu--duong--lothamilk--900ml-og.jpg
10230270,Sữa Yaourt thanh trùng Long Thành chai 880ml,sua-san-pham-tu-sua--c08,51400.0,LOTHAMILK,https://ss-hn.fptvds.vn/images/2022/sua-yaourt-thanh-trung-long-thanh-chai-880ml_a27e9e94-ee4d-4740-90dc-6993aea81a96-og.jpg
10232188,Sữa tươi tiệt trùng không đường 100% Organic Vinamilk hộp 1L,sua-san-pham-tu-sua--c08,60900.0,VINAMILK,https://ss-hn.fptvds.vn/images/2022/162427267379810232188-hop--sua-tiet-trung-cu-duong-vinamilk-110ml-og.jpg
10232516,Sữa đậu nành Fami nguyên chất hộp 1L,sua-san-pham-tu-sua--c08,21000.0,FAMI,https://ss-hn.fptvds.vn/images/2022/8934614030066_fami_nguyen_chat_hop_1l-removebg-preview.png
10232517,Sữa đậu nành canxi Fami hộp 1L,sua-san-pham-tu-sua--c08,21500.0,FAMI,https://ss-hn.fptvds.vn/images/2022/8934614030448_fami-canxi-hop-1l.png
10232521,BA VÌ Sữa tiệt trùng có đường 180ml*4,sua-san-pham-tu-sua--c08,32600.0,BA VÌ,https://ss-hn.fptvds.vn/images/2022/loc-4-hop-sua-tiet-trung-ba-vi-co-duong-180ml.jpg
10232523,Sữa thanh trùng Ba Vì có đường 890ml,sua-san-pham-tu-sua--c08,36700.0,BA VÌ,https://ss-hn.fptvds.vn/images/2022/15309413384222.jpg
10234382,Sữa chua sầu riêng tự nhiên TH True Yogurt hộp 100g,sua-san-pham-tu-sua--c08,8700.0,TH MILK,https://ss-hn.fptvds.vn/images/2022/sua-chua-sau-rieng-tu-nhien-th-true-yogurt-hop-100g_62a1fa54-c63c-479f-bcbb-6c4b7687c137-og.jpg
10234700,Sữa bột Ensure Gold hương Vani  400g,sua-san-pham-tu-sua--c08,426800.0,ENSURE,https://ss-hn.fptvds.vn/images/2022/10261182054430-og.jpg
10234701,Sữa bột Abbott Ensure Gold ít ngọt hương vani hộp 850g,sua-san-pham-tu-sua--c08,891300.0,ENSURE,https://ss-hn.fptvds.vn/images/2022/162428436270210234701-lon-thung-24-lon-nuoc-ngot-soda-cu-ga--evervess-330ml-og.jpg
10234703,Sữa bột Ensure Gold hương lúa mạch 850g,sua-san-pham-tu-sua--c08,891300.0,ENSURE,https://ss-hn.fptvds.vn/images/2022/162428436462910234703-lon-sua-tuoi-huong-vani-ensure-gold-vigor-chai-237ml-og.jpg
10235838,VINAMILK SCU Probi đường 700ml T6,sua-san-pham-tu-sua--c08,47300.0,VINAMILK,https://ss-hn.fptvds.vn/images/2022/sua-chua-uong-co-duong-probi-vinamilk-700ml_e2779cbf-73ac-4541-b221-c86fd12e2b51-og.jpg
10281000,Sữa Glucerna Hương Lúa Mạch  hộp 850g,sua-san-pham-tu-sua--c08,932000.0,GLUCERNA,https://ss-hn.fptvds.vn/images/2022/sua-glucerna-huong-lua-mach-hop-850g_8df637c5-a1ad-4b9b-a030-a964abecae03-og.jpg
10301136,Sữa đậu nành gấp đôi canxi Vinamilk túi 220ml,sua-san-pham-tu-sua--c08,4600.0,VINAMILK,https://ss-hn.fptvds.vn/images/2022/sua-dau-nanh-gap-doi-canxi-vinamilk-tui-220ml_db8002c9-c9fe-49a4-a339-c8aa7b56c65d-og.jpg
10303953,Sữa chua ăn TH Milk vị tự nhiên hộp 100g,sua-san-pham-tu-sua--c08,7300.0,TH MILK,https://ss-hn.fptvds.vn/images/2022/th-milk-sua-chua-an-vi-tu-nhien-100g_5ceb2511-a809-405a-b334-12864c14e739-og.jpg
10312790,Sữa chua ăn Dalat Milk không đường 500g,sua-san-pham-tu-sua--c08,42600.0,ĐÀ LẠT MILK,https://ss-hn.fptvds.vn/images/2022/sua-chua-an-dalat-milk-khong-duong-500g_ea1f9677-ed8a-48e1-b06f-7558dfd69484-og.jpg
10312791,Sữa chua ăn Dalat Milk có đường 500g,sua-san-pham-tu-sua--c08,42600.0,ĐÀ LẠT MILK,https://ss-hn.fptvds.vn/images/2022/sua-chua-an-dalat-milk-co-duong-500g_b7857799-9090-4b1b-bfed-0121ca32624e-og.jpg
10314401, Sữa Bột Nutifood Growplus  lon 1.5 kg,sua-san-pham-tu-sua--c08,676100.0,NUTIFOOD,https://ss-hn.fptvds.vn/images/2022/sua-bot-nutifood-growplus-lon-1-20221014061848-og.5 kg
10315286,Sữa chua Vinamilk trái cây 100g,sua-san-pham-tu-sua--c08,7900.0,VINAMILK,https://ss-hn.fptvds.vn/images/2022/e3a964b6-5e60-405a-9830-3af7bd99e573_20210827073738-og.jpg
10315287, Lốc 4 hộp sữa chua uống Vinamilk Susu hương táo nho 110ml ,sua-san-pham-tu-sua--c08,18700.0,SUSU,https://ss-hn.fptvds.vn/images/2022/sua-chua-uong-susu-huong-tao-nho-4-110ml_4f947ff5-1b2d-466f-9fdd-8250cdcb90c4-og.jpg
10315799,Phô mai tươi trái cây Helio vị vani - dâu lốc 4 hộp x 50g,sua-san-pham-tu-sua--c08,66300.0,HELIO,https://ss-hn.fptvds.vn/images/2022/11837597581342-og.jpg
10317250,Sữa uống dinh dưỡng Abbott Glucerna hương vani chai 220ml,sua-san-pham-tu-sua--c08,50500.0,GLUCERNA,https://ss-hn.fptvds.vn/images/2022/26833660936222-og.jpg
10318422,Sữa chua nếp cẩm Mộc Châu hũ 160g,sua-san-pham-tu-sua--c08,12300.0,MỘC CHÂU,https://ss-hn.fptvds.vn/images/2022/162428178480410318422-hop-khan-mat-mollis-fm1f-og.jpg
10320936,Sữa chua men sống Nuti Food 5 chai x 65ml,sua-san-pham-tu-sua--c08,24600.0,NUTIFOOD,https://ss-hn.fptvds.vn/images/2022/162427601603910320936-g5-sua-dau-nành-nguyon-chat-nutifood-hop-1l-og.jpg
10320939,Sữa uống lên men Betagen hương dứa chai 300ml,sua-san-pham-tu-sua--c08,21900.0,BETAGEN,https://ss-hn.fptvds.vn/images/2022/162428567330510320939-cha-bí-do-ho-le-og.jpg
10322798,"Creamer đặc có đường Ngôi Sao Phương Nam Vinamilk hộp 1,284kg",sua-san-pham-tu-sua--c08,59100.0,NGÔI SAO PHƯƠNG NAM,https://ss-hn.fptvds.vn/images/2022/162427603443110322798-hop-macadamia-nu-hoàng-by-tran-&-do-hop-125g-og.jpg
10324867,Phô mai tươi Milk Tiger hương Dâu-Vani Zott  vỉ 4 hộp x 50g,sua-san-pham-tu-sua--c08,49500.0,ZOTT,https://ss-hn.fptvds.vn/images/2022/162427166896910324867-g4-vi-4-hop-phu-mai-tuoi-zott-milk-tiger-dou-vani-50g-og.jpg
10324868,Phô mai tươi Milk Tiger vị dâu chuối vỉ 4 hộp x 50g,sua-san-pham-tu-sua--c08,49500.0,ZOTT,https://ss-hn.fptvds.vn/images/2022/162427166673910324868-g4-vi-4-hop-phu-mai-tuoi-zott-milk-tiger-dou-chuoi-50g-og.jpg
10325026,Sữa tươi tiệt trùng nguyên chất TH True Milk Organic 500ml,sua-san-pham-tu-sua--c08,33800.0,TH MILK,https://ss-hn.fptvds.vn/images/2022/sua-tuoi-tiet-trung-nguyen-chat-th-true-milk-organic-500ml-20221007080938-og.jpg
10325030,Sữa tươi tiệt trùng nguyên kem Meadow Fresh lốc 3 hộp x 200ml,sua-san-pham-tu-sua--c08,39800.0,MEADOW FRESH,https://ss-hn.fptvds.vn/images/2022/sua-tuoi-tiet-trung-nguyen-kem-meadow-fresh-loc-3-hop-x-200ml-20221007081044-og.jpg
10325031,Lốc 3 hộp Sữa tiệt trùng Meadow Fresh tách béo 200ml,sua-san-pham-tu-sua--c08,39000.0,MEADOW FRESH,https://ss-hn.fptvds.vn/images/2022/162428208949410325031-g3-sua-tuoi-meadow-fresh-khung-boo-hop-1l-og.jpg
10325038,Sữa Ensure hương vani chai 237ml,sua-san-pham-tu-sua--c08,39200.0,ENSURE,https://ss-hn.fptvds.vn/images/2022/162428436006710325038-cha-mut-cam-every-home-lo-450g-og.jpg
10325039,Lốc 4 hộp sữa tiệt trùng THTRUE MILK topkid 180ml,sua-san-pham-tu-sua--c08,58500.0,TH MILK,https://ss-hn.fptvds.vn/images/2022/162427310808410325039-g4-sua-tuoi-tiet-trung-th-true-milk-cu-duong-hop-1-lot-og.jpg
10325040,CONBÒCƯỜI PM Bchấm C.Dipper12D35g/30gT96,sua-san-pham-tu-sua--c08,11000.0,CON BÒ CƯỜI,https://ss-hn.fptvds.vn/images/2022/3073781174199.jpg
10326051,Thức uống dinh dưỡng Kun vị sô cô la lúa mạch Love'in Farm gói 110ml,sua-san-pham-tu-sua--c08,5600.0,LIF,https://ss-hn.fptvds.vn/images/2022/162428238588810326051-g1-gel-rua-tay-khu-lifebuoy-50ml-og.jpg
10326052,Sữa chua uống LifKun kem dâu 110ml,sua-san-pham-tu-sua--c08,134500.0,LIF,https://ss-hn.fptvds.vn/images/2023/02/viber_image_2023-01-05_17-05-54-489_1-removebg-preview-48--20230223044212.jpg
10326053,Sữa chua uống Kun Love'in Farm hương cam gói 110ml,sua-san-pham-tu-sua--c08,134500.0,LIF,https://ss-hn.fptvds.vn/images/2023/02/viber_image_2023-01-05_17-05-54-489_1-removebg-preview-49--20230223044407.jpg
10326054,Sữa chua Ba Vì có đường lốc 4 hộp x 100g,sua-san-pham-tu-sua--c08,24500.0,BA VÌ,https://ss-hn.fptvds.vn/images/2022/162428576802510326054-g4-phan-thom-tre-em-babi-mild-white-sakura-chai-180g-og.jpg
10326055,Sữa chua nếp cẩm Ba Vì lốc 4 hộp x 100g,sua-san-pham-tu-sua--c08,35700.0,BA VÌ,https://ss-hn.fptvds.vn/images/2022/sua-chua-nep-cam-ba-vi-loc-4-hop-x-100g_2df17387-475d-40b9-bfd9-1b7d626497b3-og.jpg
10326602,Lốc 4 hộp sữa tiệt trùng Nestle hương việt quất 180ml,sua-san-pham-tu-sua--c08,31600.0,NESTLE,https://ss-hn.fptvds.vn/images/2022/loc-4-hop-sua-tiet-trung-nestle-huong-viet-quat-180ml-20221014063058-og.jpg
10326603,Lốc 4 hộp sữa tiệt trùng Nestle có đường 180ml,sua-san-pham-tu-sua--c08,31600.0,NESTLE,https://ss-hn.fptvds.vn/images/2022/loc-4-hop-sua-tiet-trung-nestle-co-duong-180ml-20221014063227-og.jpg
10327472,Sữa tiệt trùng vị sô cô la Active 20+ Dutch Lady gói 220ml,sua-san-pham-tu-sua--c08,7700.0,DUTCH LADY,https://ss-hn.fptvds.vn/images/2022/sua-tiet-trung-vi-so-co-la-active-20-dutch-lady-goi-220ml_d7b4374f-abfa-4447-9e78-748a03a1a827-og.jpg
10405704,Sữa tươi tiệt trùng Vinamilk ít đường hộp 1 lít,sua-san-pham-tu-sua--c08,36500.0,VINAMILK,https://ss-hn.fptvds.vn/images/2022/hop_sua-removebg-preview.png
10406968,Sữa tiệt trùng ít đường Vinamilk gói  220ml,sua-san-pham-tu-sua--c08,7900.0,VINAMILK,https://ss-hn.fptvds.vn/images/2022/sua-tiet-trung-it-duong-vinamilk-goi-220ml_62eacaa8-3fa5-4e90-9c9a-72967907c6bb-og.jpg
10406992,Sữa hạt óc chó TH True NUT lốc 4 hộp x 180ml,sua-san-pham-tu-sua--c08,53600.0,TH TRUE NUT,https://ss-hn.fptvds.vn/images/2022/th-milk-sua-hat-oc-cho-180ml-4_997584f8-eeb1-4f34-995c-a389f9dab336-og.jpg
10406993,Sữa hạt Macca TH True NUT lốc 4 hộp x 180ml,sua-san-pham-tu-sua--c08,648100.0,TH TRUE NUT,https://ss-hn.fptvds.vn/images/2022/sua-hat-macca-th-true-nut-loc-4-hop-180ml_c2323699-720c-40dd-901c-da47a86d356f-og.jpg
10601140,"Sữa đậu đen, óc chó, hạnh nhân Sahmyook túi  195ml",sua-san-pham-tu-sua--c08,20200.0,SAHMYOOK,https://ss-hn.fptvds.vn/images/2022/162427522955510601140-g1-co-troch-sot-cà-sailer-wheel-lon-155g-og.jpg
10601141,"SAHMYOOK Sữa đậu đen,óc chó h.nhân 140ml",sua-san-pham-tu-sua--c08,43100.0,SAHMYOOK,"https://ss-hn.fptvds.vn/images/2022/162427523207110601141-g3-sua-dau-den,-uc-chu,-hanh-nhon-sahmyook-tyi-195ml-og.jpg"
10601831,Sữa tiệt trùng Meadow Fresh hương socola lốc 3 hộp x 200ml,sua-san-pham-tu-sua--c08,50900.0,MEADOW FRESH,https://ss-hn.fptvds.vn/images/2022/sua-tiet-trung-meadow-fresh-huong-socola-loc-3-hop-x-200ml-20221007081026-og.jpg
10602893, Lốc 4 hộp sữa hạt hạnh nhân TH true NUT 180ml,sua-san-pham-tu-sua--c08,54500.0,TH MILK,https://ss-hn.fptvds.vn/images/2022/loc-4-hop-sua-hat-hanh-nhan-th-true-nut-180ml_a9cf28eb-089a-4da2-8995-f4f77af4a164-og.jpg
10602898,Sữa tươi nguyên chất Cowhead hộp 1L,sua-san-pham-tu-sua--c08,48600.0,COWHEAD,https://ss-hn.fptvds.vn/images/2022/162428502608410602898-hop-trà-matcha-sua-3-in-1-cozy-hop-18-tyi-x-17g-og.jpg
10602909,Sữa tươi tiệt trùng Vinamilk ít đường lốc 4 hộp x 110ml,sua-san-pham-tu-sua--c08,22000.0,VINAMILK,https://ss-hn.fptvds.vn/images/2022/sua-tuoi-tiet-trung-vinamilk-it-duong-loc-4-hop-x-110ml_34180b8d-688f-40a8-ac91-8816c3e52fa6-og.jpg
10603399,Sữa chua ăn Vinamilk nếp cẩm 100g,sua-san-pham-tu-sua--c08,8600.0,VINAMILK,https://ss-hn.fptvds.vn/images/2022/vnm-sua-chua-love-yogurt-nep-cam-100g_f5effa68-8db4-4aaf-98f1-b152b8316350-og.jpg
10603576,Sữa đặc có đường Ông Thọ đỏ hộp giấy 380g,sua-san-pham-tu-sua--c08,25900.0,ÔNG THỌ,https://ss-hn.fptvds.vn/images/2022/162427588654710603576-hop-sua-dac-cu-duong-eng-tho-do-lon-380g-og.jpg
10603577,Sữa đặc có đường Ông Thọ chữ xanh - Hộp giấy 380g,sua-san-pham-tu-sua--c08,27800.0,ÔNG THỌ,https://ss-hn.fptvds.vn/images/2022/162427588760910603577-hop-sua-dac-eng-tho-do-cu-duong-vi-6-x-40g-og.jpg
10605367,Sữa đậu nành Fami vị đậu đỏ nếp cẩm 200ml,sua-san-pham-tu-sua--c08,5200.0,FAMI,https://ss-hn.fptvds.vn/images/2022/sua-dau-nanh-fami-vi-dau-do-nep-cam-200ml.png
10605369,Phô mai dây hun khói Solse gói 200g,sua-san-pham-tu-sua--c08,115100.0,SOLSE,https://ss-hn.fptvds.vn/images/2022/162427565187910605369-g1-tyi-3-gui-tam-vip-phy-gia-200-og.jpg
10605371,Sữa tươi tiệt trùng Devondale nguyên chất 1L,sua-san-pham-tu-sua--c08,48100.0,DEVONDALE,https://ss-hn.fptvds.vn/images/2022/162428482547310605371-g1-natural-dh-food-thao-qua-20g-og.jpg
10606685,Bơ lạt tự nhiên TH True milk 200g,sua-san-pham-tu-sua--c08,65900.0,TH TRUE BUTTER,https://ss-hn.fptvds.vn/images/2022/bo-lat-tu-nhien-th-true-milk-200g_4a71ba12-60b2-453c-82cf-98aa122a3494-og.jpg
10606721,Lốc 4 hộp sữa chua ăn Ba Vì hộp 100g,sua-san-pham-tu-sua--c08,25500.0,BA VÌ,https://ss-hn.fptvds.vn/images/2022/ba-vi-sua-chua-an-nha-dam-100g-4_2f1afdd1-6a27-4501-9e0a-5389297b38b5-og.png
10606736,Lốc 4 hộp sữa trái cây LiF Kun hương cam 180ml,sua-san-pham-tu-sua--c08,28100.0,IDP,https://ss-hn.fptvds.vn/images/2022/lifkun-sua-trai-cay-h_9f96c225-4c64-46c8-ba80-1320b3608409-og.cam 180mlx4
10613072,Phô mai cắt Emmetal 200g,sua-san-pham-tu-sua--c08,114000.0,EMMENTAL,https://ss-hn.fptvds.vn/images/2022/pho-mai-cat-emmetal-200g.jpg
10614960,Lốc 3 hộp sữa hạt hạnh nhân Degree 127 180ml,sua-san-pham-tu-sua--c08,76400.0,DEGREES,https://ss-hn.fptvds.vn/images/2022/loc-3-hop-sua-hat-hanh-nhan-degree-127-180ml-20221014063220-og.jpg
10614961,Sữa hạt hạnh nhân 137 Degrees không đường lốc 3 hộp x 180ml,sua-san-pham-tu-sua--c08,76400.0,DEGREES,https://ss-hn.fptvds.vn/images/2022/sua-hat-hanh-nhan-137-degrees-khong-duong-loc-3-hop-x-180ml-20221007081248-og.jpg
10614963,Lốc 3 hộp sữa óc chó Degrees 137 truyền thống 180ml,sua-san-pham-tu-sua--c08,92300.0,DEGREES,https://ss-hn.fptvds.vn/images/2022/loc-3-hop-sua-oc-cho-degrees-137-truyen-thong-180ml.jpg
10614965,Sữa hạt dẻ cười Degrees 137 truyền thống 180ml lốc 3,sua-san-pham-tu-sua--c08,92300.0,DEGREES,https://ss-hn.fptvds.vn/images/2022/sua-hat-de-cuoi-degrees-137-truyen-thong-180ml-loc-3.jpg
10614967,Sữa hạt hạnh nhân 137 Degrees vị truyền thống hộp 1L,sua-san-pham-tu-sua--c08,118700.0,DEGREES,https://ss-hn.fptvds.vn/images/2022/sua-hat-hanh-nhan-137-degrees-vi-truyen-thong-hop-1l-20221007081037-og.jpg
10614968,Sữa hạt hạnh nhân Celano không đường hộp 1L,sua-san-pham-tu-sua--c08,118700.0,DEGREES,https://ss-hn.fptvds.vn/images/2022/17589714092062-og.jpg
10614969,Sữa óc chó Degrees truyền thống hộp 1L,sua-san-pham-tu-sua--c08,145500.0,DEGREES,https://ss-hn.fptvds.vn/images/2022/162520182502910614969-hop-sua-oc-cho-truyen-thong-degrees--137-1l-og.jpg
10615014,Bơ lạt tự nhiên TH TRUE BUTTER  10g*10gói,sua-san-pham-tu-sua--c08,31400.0,TH TRUE BUTTER,https://ss-hn.fptvds.vn/images/2022/bo-lat-tu-nhien-th-true-butter-10g-10goi_e4c6171d-9f40-4dfc-b2b1-3f0424c2d5ad-og.jpg
10615020,Sữa thanh trùng  Mộc Châu không đường  hộp 900ml,sua-san-pham-tu-sua--c08,41600.0,MỘC CHÂU,https://ss-hn.fptvds.vn/images/2022/sua-thanh-trung-moc-chau-khong-duong-hop-900ml_da455cd9-6954-42cc-813e-331aa2f7d8e4-og.png
10615021,Sữa thanh trùng  Mộc Châu có đường  hộp 900ml,sua-san-pham-tu-sua--c08,41600.0,MỘC CHÂU,https://ss-hn.fptvds.vn/images/2022/sua-thanh-trung-moc-chau-co-duong-hop-900ml_fbb06459-8109-4ff0-a141-b91b4673a931-og.png
10618276,Sữa chua uống YoMost hương bạc hà và việt quất lốc 4 hộp x 170ml,sua-san-pham-tu-sua--c08,33000.0,YOMOST,https://ss-hn.fptvds.vn/images/2022/162427168970310618276-g4-loc-4-hop-sua-chua-uong-yomost-huong-bac-hà-và-viet-quat-170ml-og.jpg
10618277,DUTCH LADY STT cao khỏe có đường 170ml*4,sua-san-pham-tu-sua--c08,31500.0,DUTCH LADY,https://ss-hn.fptvds.vn/images/2022/dutch-lady-stt-cao-khoe-co-duong-170ml-4_d6c5beb0-f396-490c-b079-65db7724d191-og.jpg
10623200,Sữa chua ăn tự nhiên Farmers Union Greek Style 500g,sua-san-pham-tu-sua--c08,128100.0,GREEK,https://ss-hn.fptvds.vn/images/2022/sua-chua-an-tu-nhien-farmers-union-greek-style-500g_2c81a47f-1d55-47f7-82bd-8d6a6db163ca-og.jpg
10623201,GREEK Sữa chua ăn nguyên chất 140g,sua-san-pham-tu-sua--c08,72100.0,GREEK,https://ss-hn.fptvds.vn/images/2022/26953775513630-og.jpg
10623202,GREEK Sữa chua ăn mật ong 140g,sua-san-pham-tu-sua--c08,72100.0,GREEK,https://ss-hn.fptvds.vn/images/2022/sua-chua-an-vi-mat-ong-farmers-union-greek-style-loc-2-hop-x-140g_e3e75036-60ad-497d-b0f1-b565ebb4625b-og.jpg
10623204,Sữa chua ăn vị vani Farmers Union Greek Style Yoghurt With A Hint Of Vanilla Bean 950g,sua-san-pham-tu-sua--c08,219300.0,GREEK,https://ss-hn.fptvds.vn/images/2022/sua-chua-an-vi-vani-farmers-union-greek-style-yoghurt-with-a-hint-of-vanilla-bean-950g_246eff75-3be0-4d94-a49e-f0ba867c4d22-og.jpg
10623216,Sữa chua dừa tự nhiên TH True Yogurt hộp 100g,sua-san-pham-tu-sua--c08,8700.0,TH MILK,https://ss-hn.fptvds.vn/images/2022/sua-chua-dua-tu-nhien-th-true-yogurt-hop-100g_e38f2a10-f4d4-4ee2-8731-9b074c605637-og.jpg
10623218,Sữa chua uống lên men Yogu Nestle có chứa yến lốc 4 hộp x 115ml,sua-san-pham-tu-sua--c08,28100.0,NESTLE,https://ss-hn.fptvds.vn/images/2022/162428159903210623218-g4-sua-nuoc-nestle-ot-duong-loc-4-hop-x-180ml-og.jpg
10623221,Lốc 3 hộp sữa uống lúa mạch Nestlé Milo bữa sáng 180ml,sua-san-pham-tu-sua--c08,26600.0,MILO,https://ss-hn.fptvds.vn/images/2022/loc-3-hop-sua-uong-lua-mach-nestle-milo-bua-sang-180ml_2c98b2dd-7cad-4a61-beb1-bbdbef065f0f-og.jpg
10625162,Sữa đậu nành đậu đỏ Vinamilk 4 hộp x 180ml,sua-san-pham-tu-sua--c08,31500.0,VINAMILK,https://ss-hn.fptvds.vn/images/2022/162427267592210625162-g4-thung-48-hop-sua-tuoi-tiet-trung-vinamilk-cu-duong-180ml-og.jpg
10625170,Lốc 4 hộp sữa trái cây LiF Kun hương nho 180ml,sua-san-pham-tu-sua--c08,28100.0,IDP,https://ss-hn.fptvds.vn/images/2022/162428348299910625170-g4-thung-40-gui-​​​​​​​mo-xào-khu-an-lien vi-suon-goreng-rasa-iga-penyet indomie -80g-og.jpg
10625998,Sữa chua uống men sống Vinamilk Probi hương việt quất lốc 4 chai x 130ml,sua-san-pham-tu-sua--c08,39300.0,VINAMILK,https://ss-hn.fptvds.vn/images/2022/162427275931710625998-g4-loc-5-chai-sua-chua-uong-men-song-vinamilk-probi-huong-dua-65ml-og.jpg
10625999,Bơ lạt (nhạt) 82% béo Elle&Vire 200g,sua-san-pham-tu-sua--c08,114400.0,ELLE&VIRE,https://ss-hn.fptvds.vn/images/2022/bo-lat-nhat-82-beo-elle-vire-200g_110f8c1b-ff24-458b-9515-3d26fcbb5b92-og.jpg
10626000,Bơ lạt (mặn) 80% béo Elle&Vire 200g,sua-san-pham-tu-sua--c08,113800.0,ELLE&VIRE,https://ss-hn.fptvds.vn/images/2022/bo-lat-man-80-beo-elle-vire-200g_9a012ba3-7600-4d41-9c2e-e1806e995bd8-og.jpg
10628687,Sữa chua uống lên men Bentagen hương dâu 300ml,sua-san-pham-tu-sua--c08,21900.0,BETAGEN,https://ss-hn.fptvds.vn/images/2022/162428567624010628687-cha-sua-uong-lon-men-betagen-huong-dua--chai-300ml-og.jpg
10628695,Lốc 6  hộp sữa đậu nành Vinasoy Fami nguyên chất ít đường 200ml,sua-san-pham-tu-sua--c08,160100.0,FAMI,https://ss-hn.fptvds.vn/images/2022/8934614030349_thung_fami_sua_dau_nanh_nguyen_chat_it_duong_hop_200ml-removebg-preview.png
10628696,Sữa đậu nành Fami nguyên chất ít đường gói 200ml ,sua-san-pham-tu-sua--c08,4200.0,FAMI,https://ss-hn.fptvds.vn/images/2022/8934614030356_fami_nguyen_chat_it_duong_bich_200ml-removebg-preview.png
10628697,Sữa đậu nành Fami Canxi ít đường 200ml,sua-san-pham-tu-sua--c08,161100.0,FAMI,https://ss-hn.fptvds.vn/images/2022/10628697_thung_fami_canxi_hop_-_it_duong_200ml-removebg-preview.png
10628698, Sữa đậu nành Fami canxi ít đường bịch 200ml,sua-san-pham-tu-sua--c08,4200.0,FAMI,https://ss-hn.fptvds.vn/images/2022/8934614030523_fami-canxi-it-duong-bich.png
10628707,Sữa hạnh nhân So Good hộp 1L,sua-san-pham-tu-sua--c08,90100.0,SO GOOD,https://ss-hn.fptvds.vn/images/2022/sua-hanh-nhan-so-good-hop-1l.jpg
10633557,Sữa chua ăn có đường Lothamilk 100g,sua-san-pham-tu-sua--c08,6300.0,LOTHAMILK,https://ss-hn.fptvds.vn/images/2022/lothamilk-sua-chua-an-co-duong-100g_6d3d8765-1ace-4fea-aeca-40a810ebcc36-og.jpg
10637857,Sữa tươi ít béo Promess hộp 1L,sua-san-pham-tu-sua--c08,44600.0,PROMESS,https://ss-hn.fptvds.vn/images/2022/162427551721310637857-hop-loc-3-sua-tuoi-tiet-trung-promess-ít-boo-200ml-og.jpg
10637858,Sữa tươi không béo Promess hộp 1L ,sua-san-pham-tu-sua--c08,44600.0,PROMESS,https://ss-hn.fptvds.vn/images/2022/162427551494010637858-hop-nuoc-rua-tay-protex-gia-donh-250ml-og.jpg
10637859,Lốc 3 hộp sữa tươi tiệt trùng nguyên kem Promess 200ml,sua-san-pham-tu-sua--c08,37100.0,PROMESS,https://ss-hn.fptvds.vn/images/2022/162427551798310637859-g3-sua-tuoi-ot-boo-promess--hop-1l-og.jpg
10637860,Lốc 3 Sữa Tươi Tiệt Trùng Promess Ít Béo 200ml,sua-san-pham-tu-sua--c08,37100.0,PROMESS,https://ss-hn.fptvds.vn/images/2022/162427551532010637860-g3-sua-tuoi-nguyon-chat-promess-hop-1l-og.jpg
10637863,Sữa tươi tiệt trùng Promess hương vani lốc 6 hộp x 200ml,sua-san-pham-tu-sua--c08,90600.0,PROMESS,https://ss-hn.fptvds.vn/images/2022/26953779904542-og.jpg
10637864,Sữa tươi tiệt trùng Promess hương cacao lốc 6 hộp x 200ml,sua-san-pham-tu-sua--c08,90600.0,PROMESS,https://ss-hn.fptvds.vn/images/2022/26978636955678-og.jpg
10638793,Sữa tươi thanh trùng Meiji hộp 946ml,sua-san-pham-tu-sua--c08,70100.0,MEIJI,https://ss-hn.fptvds.vn/images/2022/26983250395166-og.jpg
10638794,Sữa tươi thanh trùng Meiji 4.3% hộp 946ml,sua-san-pham-tu-sua--c08,77000.0,MEIJI,https://ss-hn.fptvds.vn/images/2022/26983386054686-og.jpg
10638795,Sữa chua uống Meiji nguyên chất vỉ 4 hộp x 100ml,sua-san-pham-tu-sua--c08,36100.0,MEIJI,https://ss-hn.fptvds.vn/images/2022/162428205372610638795-g4-bot-my-chuyon-bonh-bung-lan-meizan-gui-1-kg-og.jpg
10638796,Sữa chua uống Meiji dâu tây vỉ 4 hộp x 100ml,sua-san-pham-tu-sua--c08,36100.0,MEIJI,https://ss-hn.fptvds.vn/images/2022/162428205701810638796-g4-bot-mo-chuyon-dung-cho-bonh-mo-meizan-gui-1kg-og.jpg
10638797,Sữa chua uống Meiji việt quất vỉ 4 hộp x 100ml,sua-san-pham-tu-sua--c08,36100.0,MEIJI,https://ss-hn.fptvds.vn/images/2022/26996795965470-og.jpg
10638798,Sữa chua uống Meiji hương cam vỉ 4 hộp x 100ml,sua-san-pham-tu-sua--c08,36100.0,MEIJI,https://ss-hn.fptvds.vn/images/2022/26983377469470-og.jpg
10639204,Phô mai lát Cheddar Anchor gói 200g,sua-san-pham-tu-sua--c08,66900.0,ANCHOR,https://ss-hn.fptvds.vn/images/2022/pho-mai-lat-cheddar-anchor-goi-200g_4710a1bd-ec57-4d97-b390-86a0843c2a81-og.jpg
